Fwd_Pkts/s,Flow_IAT_Std,Subflow_Bwd_Byts,Fwd_Pkt_Len_Std,Init_Fwd_Win_Byts,Dst_Port,Fwd_IAT_Min,Predicted_Attack,Actual_Attack
-0.4497247445855194,0.5845114806983559,0.11764384758161371,0.19614159827501723,0.04548267012892166,19.002375296912113,0.5616266607562017,0,0
-0.3583258871889327,0.9579199153778474,-0.0978662673716719,-0.3236564199400998,-0.6270197896274357,0.8622327790973872,0.13200586638326056,0,0
0.8571516823186515,-0.19653296182999752,-0.40137725578275857,1.3819854852122448,1.0031342874821223,-0.14014251781472684,-0.4994184423494283,1,1
0.04801656062797486,0.13393442236132902,0.04985728323428946,-0.3682536231817429,-0.7358779555113757,0.8622327790973872,-0.1632313524525041,0,0
0.01595502347008661,0.9939000919450314,0.05422457223963938,-0.8093861081604657,-0.573300739448406,19.002375296912113,0.708467006656693,0,0
-0.33197480917496114,-0.01266051680220003,-0.1883627345468158,-0.6472601214901821,-0.6307525332954649,19.002375296912113,0.6642355982109363,0,0
-0.28699311911218334,0.9623760945758872,0.43661191957949247,0.33797367289383656,-0.3195147433231562,0.8622327790973872,-0.32385713094286545,0,0
0.9855390353057979,-0.12473841905543503,-0.4401369457052392,1.9056205649975355,1.2833740756894925,-0.1377672209026128,-0.03458747192682524,1,2
-0.06633617194325517,0.01944082502618783,0.3818648324052844,-0.8497341084784222,-0.213902441498372,0.0,0.12379648751312945,0,0
0.7709533202300296,-0.1419462509445722,-0.43408513094068285,1.3473898037970597,1.185876434012598,-0.14014251781472684,-0.8949763914786758,1,1
-0.28255456961662745,1.067176768634038,-0.16275170402258513,-0.7039626031349302,-0.3957925487133192,0.0,0.3068201854818809,0,0
1.315076372237523,-0.49857672182890406,-0.4027186374058303,1.8457968801363733,0.6105876028279591,-0.1377672209026128,-0.7297144940462086,1,2
0.9703971789546666,-0.7478885113980219,-0.4265983497886544,1.1281323317554235,1.7791392374248125,-0.14014251781472684,-0.025166686069803774,1,1
-0.059700769412716057,1.2187381596235793,0.4011432938717577,-0.33616399331414043,-0.6449126152535324,19.002375296912113,0.8774743798659821,0,0
1.5130527419230242,-0.1133062873900667,-0.4647341412817993,1.7362835064853843,1.0318601844056519,-0.14014251781472684,0.0533171734226822,1,1
0.796522889988703,-0.5423939439857727,-0.4084896978771856,1.3532455733968007,1.2096523882459147,-0.1377672209026128,-0.5653282096508052,1,2
1.4963493700832777,-0.12690949694854078,-0.42265219222310607,2.1202756417457898,1.139460577966669,-0.14014251781472684,-0.4388922454193329,1,1
-0.19681630601326344,0.7982754848416428,0.4458300188729275,-0.7619346402178788,0.19641534887966974,0.8622327790973872,0.5168708587607825,0,0
0.03607542923358123,0.49782943539210256,-0.3898663297615148,-0.6993018174404833,-0.2556523679592644,19.002375296912113,0.6139559610981623,0,0
0.10679564547518046,0.9548818728084939,0.79299829987678,0.07230272619071919,-0.4796981346424985,0.0,0.3150464350814915,0,0
-0.29293445554073616,-0.46880916685292773,-0.35798512002246036,-0.5038501671680864,-0.17036728980494387,19.002375296912113,1.0233002249766365,0,0
-0.19165823883438765,0.6202780088234285,1.0399684931293185,-0.6435812939021528,-0.7000923042591822,19.002375296912113,1.1687315048620013,0,0
-0.11469087844980132,-0.0708624947267612,-0.014513437212421819,-0.4128735257651374,-0.566971304533052,0.8622327790973872,-0.03777849284354975,0,0
-0.41376598392471703,0.014053721424552884,0.7013632180680985,-0.21395174895870078,0.05497682250195259,19.002375296912113,0.3749341020028687,0,0
-0.47430404536591064,0.30378995076279697,0.6817260150047573,-0.7394037447420715,-0.015093267875074807,0.0,-0.21491157098998417,0,0
-0.24871894070222242,-0.39151133331222315,-0.238945299705208,-0.4831101584545086,-0.2961039487964945,19.002375296912113,0.07106029177184646,0,0
-0.39451429853016284,0.6659475592274388,0.7329948684354187,0.3110916072841279,0.21824378467749297,19.002375296912113,-0.23678724268188436,0,0
-0.22311442108534119,-0.40468090806253615,0.9823514731801662,0.10386829192191478,-0.5498087983202653,0.0,0.9954504994454692,0,0
-0.20365396866647278,0.17982166879083422,-0.22380016533308378,-0.31534812326216183,-0.09830910769168348,0.8622327790973872,0.02619369118544255,0,0
0.026593240616380482,0.4295766603273076,0.11801818663921514,0.1063261467154058,-0.708206964407072,0.0,0.13482317782709374,0,0
-0.0925471209414192,-0.08207699485474244,0.24607333926036842,0.05434555937144909,-0.650755170560013,0.0,1.213532743178562,0,0
-0.42226892615847483,0.1093997256937962,-0.20240044920686912,0.04620415957572833,-0.6745311247933298,0.8622327790973872,-0.23494308971781447,0,0
0.10845314086369033,1.1964097191054224,-0.2945814421412194,0.02935262464297938,0.21755403856492236,0.0,0.21850876371658268,0,0
-0.454116859698024,0.07534348888781896,0.285347745387051,0.18757996326896734,0.32134054185643135,0.8622327790973872,-0.37520538933775205,0,0
-0.38854059767162963,0.9570301653647292,-0.31727574750830567,-0.856593028800455,-0.7231379390791889,19.002375296912113,1.0955817838157167,0,0
-0.4602534681821563,-0.12222844040492233,-0.30564004180119475,0.15485714408169324,-0.7462647205006745,0.0,-0.43639662284945197,0,0
0.7925333522064983,-0.3913242091904385,-0.4168811317517508,1.2324099417487968,1.3114507998011908,-0.14014251781472684,-0.6749730043387713,1,1
-0.20503385214742384,0.9118498120567143,0.07130379174270429,-0.7636006805409777,-0.13157921429803118,0.0,-0.21999065923631897,0,0
0.013036970621678924,1.0532941964342295,0.5619375165723021,0.19827804371298913,-0.43291711888991447,0.8622327790973872,0.08650492200170742,0,0
-0.3816257465918852,0.2137476487021787,-0.2985899895497013,-0.7754133790123103,0.1313357744935945,0.8622327790973872,0.05607243071115217,0,0
-0.008843548065534888,0.6756366014587036,0.9277759580740256,-0.37202718752773684,-0.4846886506334507,0.0,-0.23969617257912115,0,0
-0.33376964543466187,0.07631099882206596,0.3075741269321354,-0.3188636215475195,0.2895716473774433,19.002375296912113,0.3988568419549215,0,0
-0.3050341198346407,0.9758778870547254,0.7924523887511113,0.17479268583738689,-0.14009960745331534,0.0,0.4895134816305836,0,0
-0.40798066793400173,0.5060312755940105,-0.3416389811738649,-0.7365788069000618,-0.4064227535070547,0.0,0.7881962707967745,0,0
0.6826211275844629,-0.20039541739243794,-0.4035920952069003,1.412040399865378,0.42342296651688355,-0.14014251781472684,-0.7015456437282701,1,1
0.05746052487676159,0.43756592471405087,-0.09703960195280209,0.07355850864236362,-0.46188645561788066,19.002375296912113,1.0825795849729203,0,0
0.08285116070159937,0.6686579663272236,-0.33812955250885157,-0.8504305450366404,0.20623408765861626,0.0,0.0240318535883583,0,0
-0.03184577537802635,0.8254205763910242,0.15019574813220407,0.22381986436211038,-0.43096960045442095,19.002375296912113,1.1786260194639857,0,0
-0.054202056223480434,-0.13496091871366017,-0.21919891441673295,-0.6308120688837181,-0.030998001764938582,0.0,-0.02724645234189215,0,0
0.014470825819400221,-0.2916355727376924,1.0195826119507745,0.19297743904543432,0.11023765810908132,0.0,0.9061403308692145,0,0
-0.39193838848146956,0.342986010554993,0.44639152745932964,-0.5442820269273294,-0.14606388266201425,0.0,0.9153456151057897,0,0
0.8776606988239181,-0.30002547299384164,-0.46493690827133344,1.2066391450633487,0.9956688001460638,-0.14014251781472684,-0.9039868093120406,1,1
-0.30266686792073993,1.0588515543526704,0.11974950478062171,-0.5251449582694673,0.05294815746498017,0.8622327790973872,0.8262381799392584,0,0
1.3847202463350474,-0.30484380700001223,-0.440526882223574,0.38879366195462056,1.039122805238013,-0.14014251781472684,-0.6682470710388667,1,1
-0.4970794405630421,0.950999028487592,-0.12222950103723114,-0.7255347582012002,0.2970777080142412,19.002375296912113,0.26665817490178934,0,0
1.4542264782369994,-0.4044420993884585,-0.40139285324349194,0.3538542805343768,1.4620183188452838,-0.14014251781472684,-0.6809888892763689,1,1
1.5094169617004718,-0.3070354316559545,-0.4186124498931574,0.6894285582816657,0.43892196739935285,-0.1377672209026128,-0.8704118366438514,1,2
-0.34308975351895116,0.5627687414652155,-0.01267293684588149,-0.7612643785328769,0.020530090174160895,0.8622327790973872,0.7003988676570576,0,0
0.023907774898628383,0.18093038518112728,0.7410899505560494,0.07722191712275209,0.20907421871037762,0.8622327790973872,0.7402525645407932,0,0
-0.19536573348006023,-0.3633902343638848,0.87543087985276,-0.062329319890132726,-0.308275939018329,19.002375296912113,0.11264079777109351,0,0
-0.1344712101162902,1.1798802205312984,0.9084507042253521,0.0008288088487158414,0.1996612129388256,19.002375296912113,1.1862268876621833,0,0
-0.26684026589355253,-0.30693763994480777,0.5702509631432003,0.020817349630164544,-0.12318054104496536,0.0,0.6953555087548494,0,0
1.2012577761864986,-0.529773499621162,-0.4540654781401588,1.6537367319961738,0.8877843934798706,-0.14014251781472684,-0.4860808719924207,1,1
-0.4566610917879772,0.8006596507671068,0.34826790198555674,-0.17552405154747905,-0.5639283069775934,0.8622327790973872,0.8553333708330599,0,0
-0.486083713418892,0.08077407385205736,0.9158594980737136,-0.42912965963268956,0.12001582358728838,0.0,0.6035055757244644,0,0
-0.213834984880797,0.8705945727658291,-0.2761920359365495,-0.5205980587470957,-0.059074725876636876,19.002375296912113,-0.36324425299503355,0,0
1.3637792118704555,-0.5298150812197919,-0.4618330135853883,1.2679826741709666,1.230223051720815,-0.14014251781472684,-0.5290721042070102,1,1
0.7080405924091902,-0.47819565126991237,-0.40817774866251777,2.265732475601102,0.7154290119386938,-0.14014251781472684,-0.3323255744583505,1,1
0.7171848121343054,-0.17979407024821215,-0.47485689329777114,1.4955021490822773,1.6443141590676256,-0.14014251781472684,-0.3023867098684056,1,1
-0.13513055541867078,-0.22376477753080384,0.28944987755993323,-0.6094415223005367,-0.01626989359651881,19.002375296912113,1.0828859083569087,0,0
1.1520823100114865,-0.730180397218084,-0.4441454931137211,2.3193961790881397,0.5909501252700661,-0.14014251781472684,-0.7218026561247992,1,1
-0.4033165150794737,-0.010622535905338829,0.49210768486890333,-0.03560457525859359,-0.08593425096615172,0.8622327790973872,-0.3767255672216064,0,0
0.6350491025351196,-0.4108476375729738,-0.43700185609782727,0.9189777715857972,0.9416657368618581,-0.14014251781472684,-0.1497748385967159,1,1
-0.4292064902854115,0.6359350507166779,0.25251509054325955,-0.6574233834078346,0.01501212127359591,0.8622327790973872,0.025850468431288583,0,0
-0.24390125778112853,-0.5104697056715668,0.8845086019995945,0.13997432703956245,0.12269366143609198,0.0,0.795536013321463,0,0
-0.3838048922641584,0.8622328888627698,0.6335766537207742,-0.8231528408088353,0.2946838832706138,19.002375296912113,0.05640452476793665,0,0
-0.38423525394812663,1.2517428588079087,0.32156504920998863,0.0562836691197886,0.13312099972613023,0.0,-0.24762063116436017,0,0
-0.05121537097226886,0.27567027684923995,0.9929109540966731,-0.6985820716847378,-0.8098836560601297,0.0,0.020319784349264326,0,0
0.08141730993867685,0.3463025471266938,0.058747835852323245,-0.7275451617279706,-0.034730745432967836,19.002375296912113,-0.36409840745713823,0,0
0.011430865433640068,1.1300508968711425,0.4083337232698517,-0.7312474340608296,-0.6606550559404384,19.002375296912113,0.24179160068705105,0,0
1.2693930610276727,-0.4618008002952453,-0.46824356994681265,1.4661810277941671,0.4011482244109264,-0.1377672209026128,-0.853690982719967,1,2
1.498759757907796,-0.37571311667428636,-0.4171150936627517,0.551021534036855,0.894519561402619,-0.14014251781472684,-0.284773570775214,1,1
0.09088004677092637,0.5647077710979765,-0.067279646873489,-0.22572428416415086,-0.1170133993325692,19.002375296912113,-0.12954428098829213,0,0
0.01243370807112403,0.6748540470011413,0.941142981922543,-0.7834154574377736,-0.7210281274407376,19.002375296912113,-0.13484066024566158,0,0
1.3128793863745802,-0.6048248550240356,-0.4034361205995664,0.3972060947262483,0.7241928448984146,-0.14014251781472684,-0.13256861962044567,1,1
1.0335168213041808,-0.6087898914306024,-0.4512267402866813,0.6061735112529288,0.8640490125472933,-0.1377672209026128,-0.4797961977153451,1,2
-0.40873653721544334,-0.16265727471250405,-0.025228892736262536,-0.3283181739017376,-0.4532849158611176,0.0,0.28373597030004466,0,0
-0.3736066682269408,0.8935709631790258,0.4525525244490197,-0.49003248474506217,-0.6108716159331352,19.002375296912113,0.7148035460098364,0,0
0.06916736356303323,-0.27122502773051416,-0.2950493659632212,0.09955541630131534,0.26900098390254296,0.0,-0.2528911923859638,0,0
1.3559658330346525,-0.3626508879632324,-0.4401525431659726,0.6625649573475444,1.7030237252376075,-0.14014251781472684,-0.49738095945853844,1,1
1.424080894264004,-0.5596968734087409,-0.40507385397657264,0.6685173835522689,0.9413411504559425,-0.14014251781472684,-0.14203184058948898,1,1
0.027259799010111375,0.19763740357220702,-0.08264314569588072,-0.22917603384858518,-0.06130625741730654,19.002375296912113,1.1395457770355037,0,0
0.13043986738998134,0.0895059056353968,0.5310077519379846,-0.47672684664240983,-0.4905312059399312,0.8622327790973872,0.15451513223309335,0,0
-0.3209801801639649,0.26626634046274367,-0.3167298363826369,-0.1896951575063706,-0.25342083641859475,19.002375296912113,0.06817959655649859,0,0
1.2056465207628833,-0.45540438817003376,-0.445174925522125,0.42881434154658565,0.6038524349052107,-0.14014251781472684,-0.011055560677243694,1,1
1.2948903519741202,-0.2510027657792389,-0.47593311808837524,0.84688807603585,1.6009413005771551,-0.14014251781472684,-0.3541482380299603,1,1
-0.16447424102403022,-0.5287007409193251,-0.2881084959368615,0.3338677090362811,0.07181474230882368,0.0,1.063782832865572,0,0
0.944615458040879,-0.2970036926420187,-0.40395083680376836,1.923108150468502,0.826112976355909,-0.14014251781472684,-0.276321412177476,1,1
-0.3385234814132415,-0.25907938062339536,0.9417200879696785,-0.5086488100474145,-0.41689066509783235,19.002375296912113,0.03469731236226449,0,0
-0.25998868170166584,1.0260860383755284,1.0564862040459813,0.22143197363064315,-0.3667826386846136,0.0,0.8538106635472046,0,0
0.05374034243842111,-0.12621408514935328,-0.008804766584000125,0.2369306558273362,-0.4682158905332346,0.8622327790973872,0.7423954493235327,0,0
-0.045710468856238355,1.1354257904499727,0.2673014833185157,-0.3351691858569453,-0.42768316309452564,0.0,-0.24687579091326772,0,0
-0.28420386685575394,-0.3393637464430691,0.44439505248545536,-0.4439987908731994,-0.7733676853946261,19.002375296912113,0.3782532094339876,0,0
-0.3910267864002778,1.104885564105216,-0.11563177514700607,-0.4179969020514095,0.135271384665321,0.8622327790973872,0.3317287856187018,0,0
0.06782188896564081,0.018030926958381918,-0.021813048835649555,-0.1371053679692952,-0.5708257681032997,19.002375296912113,0.9025020013092733,0,0
1.360444305432465,-0.6800014398093098,-0.4480604557578026,1.7103505481102081,1.4706604319027863,-0.1377672209026128,-0.9479618083517887,1,2
0.06356314439573352,0.8012132502886287,0.6306599285636298,-0.4999994945383597,0.1055311552233053,0.0,0.7291341144777732,0,0
-0.4638575594992977,1.0183940143422021,0.45670144900410214,-0.7204590605508459,-0.6615476685567062,0.0,-0.16326437502674065,0,0
1.2817793029836295,-0.19454693425136702,-0.40850529533791896,2.0310444943427157,1.3246371225415117,-0.1377672209026128,-0.44671131755135424,1,2
0.6881839547093594,-0.699799161846959,-0.4451437306006582,1.1248019896628074,1.3381480316877479,-0.14014251781472684,-0.8491207278514682,1,1
-0.4581139102057086,1.124343200136267,0.7035624600315069,-0.29607517833530744,0.33355310537900534,0.8622327790973872,0.5648926944270164,0,0
-0.19842580800379092,1.001806587646893,0.5550434389281425,-0.8263782093297335,0.1593313520038139,19.002375296912113,-0.46239767170451396,0,0
0.003973707360865125,-0.3335646872826107,0.3743624537925226,-0.30700732650749823,-0.7450069481777516,0.0,0.049178997057703684,0,0
0.05359093564975805,1.1426582286327311,-0.07291033019824372,0.08325119086305524,0.1821335470193839,19.002375296912113,-0.3010010806223074,0,0
-0.005129761909983573,-0.49652113823951133,8.578603403365932e-05,0.031249191597957342,0.11023765810908132,0.8622327790973872,1.0452073475285648,0,0
0.07950837203273632,0.41676506179784517,0.7572645173365776,-0.2577845202602564,-0.35428606205686347,0.0,0.756423949030065,0,0
-0.08992496337647557,0.4873118717908288,0.8008126277042098,-0.5848384624479215,-0.2875429823404709,19.002375296912113,0.677075417887701,0,0
0.10003341039757373,-0.09160896353713882,0.8783787999313711,-0.41645505152808915,-0.3135504681144573,19.002375296912113,1.1623466448587318,0,0
0.9342653299330459,-0.621037774013968,-0.44512813313992483,1.9971988542571424,0.46212989542231736,-0.1377672209026128,-0.27502747567851965,1,2
0.012214248452483324,0.8259403449899709,0.9780777689392167,-0.43380212464757045,0.034893038635925626,0.8622327790973872,1.2037983576134976,0,0
-0.43670728757552346,1.0530543659861529,0.6862024862352409,-0.3744529087175743,-0.6470224268919837,19.002375296912113,1.1909067709713366,0,0
-0.4734433574888991,0.06447243174172423,0.14534493784411898,-0.4374759662866229,-0.33842190146773915,0.0,-0.36222421383328907,0,0
1.1101207517768552,-0.24053985853891216,-0.43888914884656777,1.305711717056805,0.5516345968535405,-0.14014251781472684,-0.8827710416911575,1,1
1.4447059383263987,-0.4505108504286607,-0.4259900488200521,2.3375192389401684,1.6598537332508343,-0.14014251781472684,-0.8114201158935095,1,1
0.003830335828805187,0.21545496153393082,0.9970598786517555,-0.03400912559027395,0.3055981011695254,0.0,0.5287603238299945,0,0
-0.3402061027865115,0.49519681872239163,-0.25909721897275123,0.2648832904174271,-0.0028807043525008367,0.8622327790973872,-0.32934556621487204,0,0
-0.05489987998411771,1.0119420319462977,0.8580397111350272,-0.4180313981259984,-0.7304005599115502,19.002375296912113,-0.23635874011419472,0,0
-0.5059431581033209,-0.49851792056828853,-0.3965576404161403,-0.4030756460541657,-0.24494101656405004,0.0,0.718361642422054,0,0
-0.17150529680427457,-0.381822271946819,0.4154149704428119,-0.655919043976548,-0.6173227707507075,0.0,-0.4802714243261451,0,0
-0.019494992868648354,0.33634601894362115,-0.05962129365339323,0.25908301286574087,-0.5376368080984308,19.002375296912113,0.8610990798803607,0,0
0.8711786299262733,-0.17909375120171991,-0.4453620950509257,1.7987389656113506,1.2366742065383873,-0.14014251781472684,-0.24807449492926523,1,1
-0.4613994840303509,0.1497332371325778,0.11351052048726468,-0.6381018068310665,-0.5781289622364003,0.8622327790973872,0.5462671473447397,0,0
0.0841062236232301,-0.3793282348051465,0.1939934178715705,0.035061833362023655,0.13640743708602554,19.002375296912113,0.01530420224726498,0,0
0.1260669637919218,0.6053027942959007,0.5823701901330464,-0.337941926776736,0.1575867000720176,0.8622327790973872,0.8352601301447781,0,0
-0.029848578741364228,0.2794417543078402,-0.2640416140252367,-0.1036725276218809,0.07088155639181637,0.8622327790973872,-0.32149580232213765,0,0
0.8723297594103128,-0.6960542982871976,-0.40735108324364794,1.0787876337428832,1.1311024780143426,-0.14014251781472684,-0.8520818477563912,1,1
0.059662773614992795,-0.4878103426337079,-0.2721834885280676,-0.2587904850979959,-0.7400164321867995,0.8622327790973872,1.1737796378116323,0,0
1.1628262505737887,-0.6802272347183578,-0.41157799510239734,1.802015027557071,0.8207978739590412,-0.14014251781472684,-0.13723868905054865,1,1
-0.41646462417184105,0.26957352245448873,0.7216399170215089,0.3136073491161972,-0.7342955967825372,19.002375296912113,0.05648606119832629,0,0
-0.28174466853088526,0.1408208304665019,0.1965202065103801,-0.8610642747864782,0.303934595839208,19.002375296912113,0.8313978857901503,0,0
-0.06310255830086535,0.8380532090528549,0.5312729087704522,-0.7537134616003344,-0.8041222473551279,0.0,-0.044679678788492404,0,0
-0.36438346050651454,-0.24306407836273608,-0.1478561290221952,0.19748565771451046,-0.7367299948269042,0.8622327790973872,0.09174547445929744,0,0
1.3347519177420273,-0.31325205993929006,-0.4231045185843745,1.5147425371968293,0.4616024425127045,-0.14014251781472684,-0.6774742033106335,1,1
-0.3677725325638727,0.20965840187396756,0.9291641320792975,-0.05333738466060478,-0.16626938643025957,19.002375296912113,0.9143888679761338,0,0
0.7219686527836533,-0.31383178470960993,-0.44570523918706034,0.39569905921407333,1.5615040522584114,-0.1377672209026128,0.03865207791045233,1,2
-0.02277027152871111,0.2935541948263501,0.577269820473227,-0.5651997892206314,0.2580056194021524,0.0,0.7176522535967204,0,0
-0.24259937212846475,0.3480797691564946,0.19321354483490089,-0.4934526587770414,-0.32207086126974144,0.0,-0.3606278749539473,0,0
-0.07000777894781736,0.6926794518201602,0.6255595589038104,-0.8378028936341991,-0.5563005264385771,0.0,0.2399857438884574,0,0
0.08125549537151375,0.7914724365428502,0.8658852338839237,0.1337309349897376,-0.729751387099719,0.0,0.2491811508722109,0,0
0.10185644009170337,1.1054121574773608,0.6936268775443358,-0.7907452758208453,-0.35643644699605426,0.0,0.4928449525209776,0,0
0.06660718025397669,-0.02115972596795419,-0.22138255891940792,0.011718750013259588,0.2303346282978486,0.8622327790973872,0.8857221085329117,0,0
1.4543568919299845,-0.10369373641736784,-0.44738976494626675,2.1198359259160315,1.5719719638491891,-0.14014251781472684,-0.9167900140308256,1,1
-0.18462830629195226,0.047443652416213955,0.5888587337981377,-0.8231305093563116,0.07863105683305101,19.002375296912113,0.04829425038695963,0,0
-0.05743803272595198,1.0964919005220684,-0.1763058973999033,0.11152919638912295,-0.31829754430097273,0.0,-0.06981026091640655,0,0
-0.23018882621400025,0.5484703670139075,0.004546659803783944,-0.6442034340570617,0.1495531865256068,0.8622327790973872,0.9175835090146407,0,0
-0.4426799146950645,0.2273201197527783,0.6611841592188792,-0.2753794332602693,-0.5124407883392333,0.8622327790973872,0.8049050080089594,0,0
-0.10318096614216139,0.19280129962497086,0.9344828661893844,0.22299293710530046,-0.45129682412488464,0.0,0.3572158275829076,0,0
-0.4587913169611437,0.10160692360976949,1.0309999532076177,-0.15792845814582102,0.0802134155618895,19.002375296912113,0.612666506780012,0,0
0.8289196048748655,-0.16017830717840773,-0.4339603512548157,0.5397596037117904,0.8977248521610355,-0.1377672209026128,-0.029922477345654806,1,2
1.4216161630764008,-0.5070233042203625,-0.44851278211907103,2.0507047977846504,1.655309523568016,-0.14014251781472684,-0.12480886460559214,1,1
-0.30857570693057484,0.19690956189312087,0.08679207025096314,0.1216567165232886,0.25402943592968646,0.0,-0.28922872923234894,0,0
-0.28399543701907015,-0.4904629579791959,-0.17827117745231078,-0.5144100511745419,-0.02722468479616988,0.0,0.41299469394918387,0,0
0.11598074614618088,-0.24550696414180356,0.3835649556252242,-0.07018954452354488,-0.45275746295150476,0.8622327790973872,1.087461229929282,0,0
0.031199644190280127,0.4426566136747931,0.5359209520690031,-0.053605917172484766,-0.2812946940265958,0.0,0.9289370786433421,0,0
0.026959643744250545,-0.22935987007619005,0.011004008547408482,0.3053986742366297,-0.1541379695091645,0.8622327790973872,-0.27109487168907864,0,0
0.01663582639309122,1.222514995355915,0.16856955687614056,0.1870558195187087,-0.21560652012942882,19.002375296912113,-0.15732473295257837,0,0
0.04083172226513454,1.0352896845816875,0.4687894810724814,-0.7619678300529894,-0.4883808210007405,0.0,0.5816204880347339,0,0
0.9959640371039926,-0.5284325252471812,-0.459119055417778,1.430321775177807,0.7348230496921501,-0.14014251781472684,-0.21242684002194423,1,1
-0.01645827858211537,0.8059680255782536,0.9758629295150749,-0.15457507177023633,-0.5978070130950328,0.0,0.6545982696491639,0,0
-0.05037152567504923,0.11189539902337875,0.392018779342723,-0.493138524497792,-0.548875612403258,19.002375296912113,-0.483432189229218,0,0
-0.40816290106102565,0.24000472652831983,0.08546628608862478,-0.7187526812650564,0.2854331707020195,0.8622327790973872,0.5930945828978341,0,0
1.26759655049779,-0.5074981780982911,-0.4744669567794363,0.852859808317469,0.7939383488695264,-0.14014251781472684,-0.8653394986631348,1,1
1.1941804421010132,-0.1684097968243983,-0.46841514201488,0.700214142504488,1.5979794496231754,-0.14014251781472684,-0.8992954501801672,1,1
-0.043050911723601086,0.3344073556637671,0.8035733782540202,-0.8359480764017215,0.3022710905088906,19.002375296912113,-0.09280464659529711,0,0
0.10308361776491258,0.9236903882865346,-0.3826291079812207,-0.055122159436081314,-0.441559231947417,19.002375296912113,1.0518226365538594,0,0
-0.0650794522991238,0.3394909207078578,0.2049740302278789,0.049229811043920706,0.13097061478693944,19.002375296912113,-0.2351967773753916,0,0
-0.11374347266866645,-0.1772236851618998,0.49316831219877405,-0.7464281399197675,-0.7429377098400398,0.8622327790973872,0.6358245431603369,0,0
1.3680264518740504,-0.13986673792125084,-0.4325721772495438,0.9867579148730952,0.5133334009555013,-0.14014251781472684,-0.6157948065995137,1,1
-0.4695387093278265,1.1039569588981901,-0.19393102802863693,0.14913452342336642,-0.7402598719912362,0.8622327790973872,1.2085262507633086,0,0
-0.07250512494869782,0.5321422064250686,0.03273127134902438,-0.6569434573260803,-0.6517289297777598,0.0,-0.0701226405030503,0,0
-0.3631835235225222,-0.5073167855387681,0.7736262536459064,-0.1877406369182907,-0.2978486007282907,19.002375296912113,-0.2814546249109307,0,0
-0.05777550118758615,0.6646709168366107,0.7597133186717202,0.19525583248260145,-0.8158073579680891,19.002375296912113,-0.47131707926428557,0,0
-0.348709246808214,-0.3227799375946109,-0.30777689392166957,-0.5265803862075122,-0.385365210423281,0.0,-0.015932252046300846,0,0
0.9586421199652655,-0.6637731654771648,-0.45730974997270446,0.48503406241631775,0.9930721088987392,-0.1377672209026128,-0.7813232200034161,1,2
1.0391859566434218,-0.7312822025035831,-0.42285495921264016,0.9634258740572971,1.1675778753791068,-0.14014251781472684,-0.20138188350272762,1,1
0.9938563026917837,-0.5132357889585071,-0.4024066881911625,0.5008177003388513,0.4934119102924321,-0.1377672209026128,-0.2170457891498579,1,2
-0.1492640690003121,0.9677024776867112,0.7916101258715081,-0.11090063522546996,0.07708927140495198,0.0,0.007517910316169467,0,0
0.8455264099483025,-0.3062753037885229,-0.45709138552243694,0.9284016519695066,0.601620903364541,-0.14014251781472684,-0.4675689317116682,1,1
0.7550392168645379,-0.36198020156512695,-0.4628780434545256,1.0203955505325057,1.010072321908568,-0.1377672209026128,-0.8667975918095147,1,2
-0.2799642287749777,0.7155822766735402,0.43789091135963065,-0.34312349956011495,-0.14293973850507674,0.0,1.0757334733907487,0,0
-0.39979779642078955,1.2524703589060715,0.014840983887823062,-0.8393889769356713,-0.7579092578128962,0.8622327790973872,0.18550051026406558,0,0
1.4643991660066524,-0.6275759182529386,-0.4032021586885655,1.988940142806696,1.1986975970462637,-0.14014251781472684,-0.9498726549054932,1,1
-0.2691098382204824,0.7545754070977678,0.049186592422753576,0.24554216965958842,-0.04674044245184456,19.002375296912113,-0.14311490721325146,0,0
-0.08793242840549528,-0.07912321092756723,0.04032723472618658,-0.5390244324630408,-0.7209064075385193,0.8622327790973872,1.1733988043631245,0,0
1.188414294727601,-0.7580940895924849,-0.438857953925101,1.6935080998343366,1.6909328816172517,-0.1377672209026128,-0.6065426301950936,1,2
1.5037120978425607,-0.16352654473982772,-0.46928859981594995,2.366969342427524,1.6777059855761915,-0.14014251781472684,-0.758929049640271,1,1
1.1066656166317133,-0.39404552312438645,-0.42739382028605744,1.7048732969438805,1.0987655573250024,-0.14014251781472684,-0.6513115594227699,1,1
1.0280148263486535,-0.20006555598438097,-0.46746369691014306,1.8156471869485566,1.0621278667572804,-0.14014251781472684,-0.03702640136679381,1,1
0.12764800216817235,0.38973954110293413,0.7217023068644425,-0.28242895320682465,-0.32896832239544765,19.002375296912113,-0.2750386934801542,0,0
0.6407296898331786,-0.6381376465235341,-0.4510395707578806,0.4266862247133167,0.6670250641565318,-0.1377672209026128,-0.6376405075968142,1,2
-0.2728687835186073,-0.3119189420376182,-0.060822298129864456,-0.554717223604313,-0.4004179049976163,0.0,0.9770141856429095,0,0
0.7327478077461904,-0.6262071881142992,-0.45008812565314366,0.4459949586776993,0.6555022467465285,-0.14014251781472684,-0.7228683075576947,1,1
0.019611949838138267,-0.2930013708416271,0.5043828864660833,0.07583638305814781,-0.7021209692961546,0.8622327790973872,0.9507832832732973,0,0
1.333565389132905,-0.5157187974993379,-0.4557500038993652,1.0988912690475432,1.7027802854331706,-0.14014251781472684,-0.29346578917466154,1,1
-0.05578996560281733,0.21571038175078028,-0.13536256297474772,-0.6150378124093132,-0.10666720764400986,0.0,-0.4713984169391074,0,0
-0.05960216971198376,0.5197357139755262,0.906423034330011,0.23905665929031705,-0.827289602077353,0.8622327790973872,0.06288347306158273,0,0
0.07659931234778818,0.6267011178009122,-0.38454759565142793,-0.5114901018938859,-0.32491099232150283,0.0,-0.2164435966945914,0,0
-0.31666053512317394,0.8163663555183974,-0.35960725593873316,0.2787827640543452,-0.6622779879700164,19.002375296912113,0.444972355647034,0,0
-0.12446827540661752,0.9085609407207059,0.9684541356667135,-0.6112603319663111,0.136448010386765,0.0,0.8001214274256114,0,0
0.15486290298284258,0.24203593559084513,0.32744529190647764,-0.8551112327832185,-0.6838629839634028,0.0,0.7698195747746384,0,0
-0.4443474091133931,-0.041330351119749496,0.4669021883237409,0.3039106525584931,-0.36296874841510546,19.002375296912113,0.858615135926608,0,0
0.6301772396755954,-0.5196611463803278,-0.468337154711213,0.5182368748972057,0.774625457717549,-0.14014251781472684,-0.597019600416008,1,1
-0.03387271869523563,0.4465402154075124,0.7795844836460625,-0.1941552783356925,0.05781695355371398,0.0,0.02285797677004893,0,0
0.14901768067286497,0.8697933672451522,0.7400761156083789,0.25157886963660286,0.3111972166715693,0.0,0.5608634676837891,0,0
0.6228413888885482,-0.6945250249260563,-0.4274406126682576,1.267979652110749,0.9666994634180978,-0.14014251781472684,-0.6830897465082889,1,1
-0.058482695069129426,0.7737797017718567,0.8564487701402211,-0.7458683430988786,-0.31821639769949384,19.002375296912113,1.1891104196656006,0,0
-0.3532455800508717,0.7302648265572127,-0.3117074540264845,-0.3263483363861811,-0.03736800998103198,0.8622327790973872,-0.30730114159596195,0,0
-0.22822453594071973,0.1047150167858967,0.8100463244583782,-0.750484302832702,-0.6580989379938531,0.0,0.37583059941283115,0,0
0.010314771038578235,1.0630117815105746,-0.30564004180119475,-0.4751202026327871,-0.0483633744814225,0.0,-0.1471118932977778,0,0
0.09135253000297933,0.4505263281074876,0.34113986243039635,-0.015075107450485629,0.15320478359215717,19.002375296912113,-0.06609597536224202,0,0
0.13415246289307742,-0.5324118162177222,0.6520596446898445,0.2873111216806987,-0.3512836378021443,0.0,0.16764042382437935,0,0
-0.3077867754967344,-0.09930431234556776,-0.3015535070890459,0.14196974645898006,-0.2605211640479982,0.8622327790973872,-0.3809381188382083,0,0
0.9967878854132955,-0.18668913894174696,-0.4137772370658057,0.354177533803172,0.8944384148011401,-0.1377672209026128,-0.9497018369842223,1,2
-0.2926456798171211,0.3212272936640599,0.34418136727340787,-0.494417516346459,0.027549271202085467,0.0,0.14854284360959896,0,0
0.10666897586103917,0.915800568337487,0.8674293824965296,0.336291688370354,0.09956688001460638,0.0,0.7046595416951741,0,0
0.6795307354613528,-0.5325364714055313,-0.46763526897821034,0.9409455018964041,0.7814417722417762,-0.1377672209026128,-0.689711439874304,1,2
1.0588300927253442,-0.16613763707825716,-0.46740130706720945,2.272820414547095,0.4032580360493777,-0.14014251781472684,-0.14770974202557655,1,1
0.9382652792402815,-0.10095960497279376,-0.4292967104955313,1.5007668423341347,1.266130422875227,-0.14014251781472684,0.021245691067394094,1,1
-0.22049349523242268,0.006170198476852738,-0.39799260680361237,-0.09075746360145416,-0.03700285027437695,0.0,0.6492164761656426,0,0
-0.33251015545132523,-0.42819584201118865,0.10217116653408825,-0.24409762436195628,-0.2659579863470843,0.8622327790973872,-0.28428149642975076,0,0
0.6553726953734976,-0.5411806035659584,-0.43523934303495393,0.3657312380899536,1.7382007769787091,-0.1377672209026128,-0.29636616160770096,1,2
-0.21433128206429844,0.8264944032186007,-0.38244193845241997,-0.08747539979307088,-0.8399078986073214,0.0,0.10043617977335229,0,0
-0.3902013380085072,1.000726038845409,0.1299034517180603,0.1788138065536355,-0.4103583636787812,19.002375296912113,-0.3780008929987371,0,0
1.4280020673295046,-0.37724252187846213,-0.4572161652083041,0.9300071901181479,1.6760019069451348,-0.14014251781472684,-0.8814168277716317,1,1
-0.17017668580631007,1.0141327596800456,-0.16967697658821143,-0.7515569768003305,0.25277166360676356,0.8622327790973872,0.3389666671869502,0,0
0.7043717753670805,-0.6208967359231065,-0.42847004507666153,2.0598840328082537,1.0982786777161289,-0.1377672209026128,-0.2053547801712682,1,2
-0.03550377880816591,0.9991132054375464,-0.14387877653518008,-0.7994191760541011,-0.058668992869242396,19.002375296912113,-0.06980790466980814,0,0
-0.4911243965692095,0.45206339071263024,0.8512548157160015,0.2885044079254432,0.13157921429803118,19.002375296912113,-0.11064435499855148,0,0
-0.46538419011134213,-0.12289428065590652,0.3133451874034907,-0.6980170531910068,-0.6728676194630123,19.002375296912113,0.9845988363237327,0,0
1.369858520906827,-0.5399239825435805,-0.45330120256422257,0.8505796797452781,1.140718350289592,-0.1377672209026128,-0.005650889863583275,1,2
0.06539686935697218,0.6874209035499045,0.9131767348275701,-0.1450970971085758,-0.6013368902593649,19.002375296912113,0.25081119253607187,0,0
-0.07863785655013333,0.520541528267387,0.40696114672531314,-0.6296861885359624,-0.6596001501212128,0.0,-0.347714353883437,0,0
-0.018290143309305555,0.24448437016254124,0.9072652972096142,0.11741503012139466,-0.24696968160102245,19.002375296912113,0.9319002366350907,0,0
1.2144181305051194,-0.5461917108711412,-0.4097218972751236,2.418364853024462,0.43624412955054925,-0.1377672209026128,-0.5851075727285705,1,2
1.1658977703748457,-0.5375325104653227,-0.443942726124187,2.1647725476593696,1.5976954365179994,-0.14014251781472684,0.03239714739398798,1,1
0.10780733070916712,0.16567049333990466,-0.3327640260165645,0.034812280469142955,-0.25755931309401847,0.8622327790973872,0.9958289087405989,0,0
-0.2146902293446889,-0.09067427470717368,0.4774460717795143,-0.7886631267635906,-0.3113189365737876,0.8622327790973872,0.6037842080991134,0,0
-0.06494894823739042,-0.034208371102913096,-0.3939528644736637,-0.34123234699495525,-0.6596001501212128,0.8622327790973872,0.7915959379896487,0,0
-0.19715121116766368,-0.28477656791614187,-0.23961599051674387,0.17249289004327176,-0.7952772677939282,0.8622327790973872,0.49363573618375317,0,0
-0.3320418327862839,-0.2691241422905912,-0.1237892471105704,-0.3862822380454764,-0.4677695842251007,0.0,-0.25690612501347443,0,0
1.4519944666271056,-0.43347608122123404,-0.4520690031662845,1.4199464579536096,1.0790875064663699,-0.1377672209026128,-0.2991497835338023,1,2
-0.5086669949103447,1.126747328420257,0.7016595698220329,-0.2771324710605937,-0.25094586507348837,0.0,0.5976723511842825,0,0
-0.03567485181780488,0.6150987948260668,-0.30624834276979707,-0.6879067494893204,-0.40966861756621054,19.002375296912113,0.4321878229930781,0,0
0.1602816274832186,0.24082386628061847,-0.14369160700637937,-0.1816073172756369,-0.21544422692647103,19.002375296912113,0.31192258114185234,0,0
1.3797579889594656,-0.41761622658966285,-0.4664654594232059,2.0892545063673356,1.281791716960654,-0.1377672209026128,-0.19025445000222632,1,2
1.3044515376295824,-0.1531395833126484,-0.407709824840516,1.757688965080689,1.1217706188442695,-0.14014251781472684,-0.4620744409366083,1,1
0.06885050208492172,0.043999942439127686,0.07565548328732083,-0.1662619977922081,0.1944678304441762,0.0,0.20380998440874007,0,0
0.1083965059588258,0.08722675565737532,0.13445791025221093,-0.44980420411932903,0.23775954233316765,19.002375296912113,1.1164037212248505,0,0
0.9524430947662984,-0.49318880486477207,-0.4526461092134201,0.9818504137391193,1.1556898982624484,-0.1377672209026128,-0.5648613634950443,1,2
0.04653657343022911,0.9222131364839765,-0.03574158127056915,0.2559052712027431,-0.05128465213466279,0.8622327790973872,-0.08168724784870132,0,0
-0.009713799181696051,0.07140403223772222,0.6990547938795564,0.3000907160909375,0.10707294065140434,19.002375296912113,0.5449267927666328,0,0
-0.46339551886275493,0.27919949963788343,0.9825074477875002,-0.6066280350440922,-0.33387769178492094,0.8622327790973872,-0.027573223278711086,0,0
1.3039939510530976,-0.42966640846296245,-0.43619078813969087,1.0451724325244443,1.5539979916216133,-0.14014251781472684,-0.4104022537500909,1,1
0.12155838029553892,0.37630157051856433,-0.2153307441548516,-0.5869972989172507,0.10398936979520626,0.8622327790973872,0.435234095774138,0,0
-0.1948014120516718,0.4022875592510118,0.2121956545474397,-0.30413404539433236,-0.4574639658372808,19.002375296912113,-0.04714317218621926,0,0
-0.19810018497581336,0.1322776885588488,0.22554708093522374,-0.7760389941254101,-0.17722417762991063,0.8622327790973872,0.9659087867995282,0,0
0.6349720839440252,-0.6981079325610154,-0.40777221468344954,2.019246318415411,1.5870246584235244,-0.14014251781472684,-0.7237457864005382,1,1
-0.1522838893757241,-0.03495644165688588,0.6236410712336031,0.13268178706402098,0.21763518516640126,0.8622327790973872,0.8987457703176254,0,0
0.8098707353912888,-0.4136348941694079,-0.4324785924851434,1.9248143438981438,0.49365535009686873,-0.14014251781472684,-0.7916603936528196,1,1
0.6216475711131425,-0.40016869543190414,-0.4166315723800165,1.8904642113504977,0.3720571677807419,-0.14014251781472684,-0.5987972189471503,1,1
0.6831004636287196,-0.3455633577319715,-0.4084585029557188,0.8700463102389104,0.9943298812216621,-0.14014251781472684,-0.2666699534812228,1,1
0.8278382348752298,-0.47366010776077094,-0.44027732285183974,1.0497254843367707,0.5348372503474089,-0.14014251781472684,-0.5660921968123364,1,1
-0.47845006699451254,0.15035359374482804,0.6473336140876266,-0.37164108860855677,-0.7634678000142007,0.8622327790973872,1.1142876646075457,0,0
1.4759798105366617,-0.5927900897500646,-0.4540186857579586,0.4668682968685816,0.5226246868248349,-0.14014251781472684,-0.4158524685185912,1,1
0.9151317699590854,-0.34388507709008126,-0.4637203063341288,0.9028844796670764,0.5264791503950825,-0.14014251781472684,-0.9607005597654746,1,1
-0.14448055250566827,-0.5236522735679726,-0.33374666604276826,-0.3011688558077767,-0.7385963666609188,19.002375296912113,0.47537792519547334,0,0
-0.15999220466148462,0.7641875096414914,0.4169903139768846,-0.6367261962101699,-0.7947498148843154,0.8622327790973872,0.49903318430368165,0,0
-0.3951266101624676,0.30511774673523623,0.6655202533027623,0.014171081965421916,-0.02690009839025429,0.0,-0.014638065856977609,0,0
1.049040112070084,-0.7252530870054426,-0.44161870447491147,1.717052320447501,1.568442086684857,-0.14014251781472684,-0.5241437348781895,1,1
-0.37448647586565026,0.10506974081304564,-0.24204919439115313,-0.5383670487611548,0.18282329313195453,19.002375296912113,1.1392622459958206,0,0
-0.5081961971147714,1.2155318751309414,0.4403709076162401,-0.25046194134160155,-0.3142402142270279,0.0,-0.10399257331442155,0,0
-0.16849798716930314,0.38623104735243907,0.7698984605306256,-0.6575389953250799,-0.641707324495116,0.8622327790973872,-0.4180821087052525,0,0
-0.3755116893417308,0.31475935081581763,0.8777081091198353,-0.1371573323463193,0.24076196658788684,19.002375296912113,0.8816931037479095,0,0
-0.3387508473758513,-0.12901401577696045,-0.16248654719011746,-0.74288319732145,-0.2610080436568716,19.002375296912113,-0.49524628187284897,0,0
-0.05370227501940765,-0.3655998569461664,0.34257482881786844,-0.795259424843465,-0.023086208120746143,19.002375296912113,1.1847329952434715,0,0
-0.39885890760384,0.6571002833212988,-0.39431160607053173,-0.5352409140621549,-0.21195492306287847,0.0,-0.15830022307513417,0,0
-0.420604151709624,-0.2965071521296197,0.7094894951101961,-0.12170193976319416,-0.03830119589803929,0.8622327790973872,-0.3158072746079147,0,0
-0.2879542357568607,1.1127445734882484,0.8527677694071405,0.2866220089976797,-0.3795226551168004,0.8622327790973872,-0.4931914305417566,0,0
1.3265908853845119,-0.7625260259944108,-0.4091135963065213,0.629848995160465,1.4215667380080539,-0.14014251781472684,0.03387689918678915,1,1
0.13696035885716035,1.1136270169636628,0.9123188744872335,0.33657933305170895,0.20144643817136135,19.002375296912113,0.83084506860599,0,0
-0.4259180644618551,0.08459475804572017,0.9909300765835322,-0.33826736198950813,-0.7656181849533914,0.8622327790973872,1.0615073786301967,0,0
-0.44615106939554855,0.9756779944232278,0.8150687068145306,-0.4169820343499809,0.33647438303224564,0.8622327790973872,0.9620206510612347,0,0
-0.38104364744457064,0.7494229639829452,0.606827008563006,-0.6255118410335545,-0.11173887023644091,0.0,0.5150171191593395,0,0
0.6490675212479574,-0.3234255765358862,-0.46382948855926254,1.3320509765528965,0.5114264558207472,-0.14014251781472684,-0.8757239746121473,1,1
1.4607339926495406,-0.16668540267432574,-0.45589038104596574,2.413795734947138,1.7842109000172437,-0.1377672209026128,-0.6676286685094635,1,2
0.11882325270952179,0.32298742365603006,0.8575093974700919,-0.5369437386686646,-0.2922900585269863,19.002375296912113,0.7731180850771987,0,0
-0.5066924881307241,0.3691359362127566,-0.24605774179963502,0.11029199628404618,-0.5674176108411859,0.8622327790973872,0.8135397901188973,0,0
0.6247094157601047,-0.10652266084935781,-0.4068207695787126,2.3161221942539756,1.442299694685912,-0.14014251781472684,-0.1494856444583786,1,1
0.07808522568506165,0.9976651619748429,0.10277946750269056,-0.33710210065032714,0.1579112864779332,0.8622327790973872,1.1803508389625759,0,0
1.5059383283565981,-0.32470649501469073,-0.4199850264376959,0.5365664224761241,1.6179820868877235,-0.14014251781472684,-0.5316782744459355,1,1
0.06754316810064466,0.481956454888923,-0.0919704272144495,-0.20751442689138602,-0.07988882915597391,0.8622327790973872,1.0731018423339203,0,0
-0.15727514279353835,0.993365131455221,0.7112832030945362,-0.00640934679622124,-0.07303194133100713,19.002375296912113,-0.15461894836416248,0,0
1.3997111131548161,-0.46429913940729106,-0.41139082557359663,1.758407452126405,0.5002282248166594,-0.1377672209026128,-0.9053619653122251,1,2
1.4481201406598183,-0.1299759948937336,-0.4418682638466458,1.8707832659077193,1.624717254810472,-0.14014251781472684,-0.10554757312986184,1,1
-0.1862109061758198,-0.446786006287614,-0.0657978881038167,0.3320014556573738,0.22668303123129824,0.0,0.35877660643632964,0,0
1.484090234554327,-0.2572644699720789,-0.443942726124187,1.465348613405382,1.5636950104983416,-0.14014251781472684,0.010480432490190506,1,1
-0.5088983197400533,0.2892605313890174,-0.2410041645220158,0.015267234667301467,-0.22181423514256443,0.8622327790973872,-0.0842003448560341,0,0
-0.38272259034826983,1.151298923558929,0.8915430567903545,-0.3806243969119181,-0.7736516984998022,0.0,0.6470408282613751,0,0
1.4937649255166563,-0.42720244724795975,-0.4170994962020183,1.9425574648685857,0.7979145323419924,-0.1377672209026128,-0.053335505680669734,1,2
-0.05391217976467756,1.0437883807542583,0.5142092867281206,-0.134873377415836,-0.4259790844634688,0.8622327790973872,0.6959354767963081,0,0
-0.1311456893705586,-0.3543274818321095,-0.21690608768892425,-0.37824463638537464,-0.845750453913802,0.8622327790973872,1.129290390954026,0,0
0.1294852129670356,0.5279966917676132,0.31476455633022943,-0.17765801817115948,-0.18659661010072323,19.002375296912113,0.27363627930014445,0,0
0.1643696697479069,0.81826788199114,0.9948918316098139,0.15369946840335466,-0.8398267520058426,0.0,-0.11731568850840834,0,0
1.1429314874858831,-0.25302045268653406,-0.4540654781401588,0.8656996725317347,0.576465456906083,-0.14014251781472684,-0.11446089569801783,1,1
-0.4422870060445372,-0.20352955538438536,0.8915118618688878,0.09670472509950201,0.06443040157424407,19.002375296912113,-0.3435115909016742,0,0
-0.1071894634300657,1.2259503844772441,0.18184299596025766,0.025236389931346935,0.13036201527584773,0.0,0.9607542720285879,0,0
0.046926423355121566,-0.1528460176915362,0.8687863615803347,0.2731790670205221,-0.10979135180094739,19.002375296912113,0.9400199812851425,0,0
-0.1406475782354337,-0.186503433936344,0.8629685087267793,-0.2868487190156823,-0.21658027934717558,0.8622327790973872,1.1729713660070735,0,0
0.1314565321984241,0.6078141216049017,0.6292873520190913,-0.849133897521232,0.317323785083226,19.002375296912113,0.05400082352627793,0,0
-0.19788028260911672,0.22036839423963,0.6953114033035421,-0.022083184047567907,0.2558146611622222,0.8622327790973872,-0.1353639134668917,0,0
1.3321080211146092,-0.28996652756831015,-0.45409667306162554,1.2610801123906412,1.1692008074086848,-0.1377672209026128,-0.30327484882564076,1,2
-0.2612784149775485,-0.48347339912881726,0.5539984090590052,-0.26368957582009045,-0.2741537930964529,19.002375296912113,0.8998359375527548,0,0
1.3427190035345604,-0.4880884088174982,-0.4119055417777986,0.6639216265156578,1.4175499812348484,-0.14014251781472684,-0.4468167119770351,1,1
-0.36559141287228336,0.8664109310197791,0.7129989237752093,0.3282273482302125,-0.8370271942548206,0.8622327790973872,0.2401306351838615,0,0
-0.42106217425199016,1.2535045481268285,0.11904761904761904,-0.4428669846772215,-0.5266820168987798,0.0,0.9168352887931326,0,0
0.13643733229711558,-0.22979518188884435,-0.20548874643208087,-0.6182384342530486,0.010386764989298792,0.0,0.34382313510228957,0,0
0.04514177859087285,-0.12927948276288082,1.0131564581286168,0.06279445709285975,0.18789495572438558,0.8622327790973872,0.9921642536537466,0,0
-0.4892650393745537,-0.28146231289964746,-0.1531124732893485,-0.6108981240904852,-0.16566078691916783,0.0,0.8510434489833194,0,0
-0.35411127565290995,1.0251603031646679,0.49591346528785113,0.2521958480289673,0.21816263807601408,19.002375296912113,1.1650741769657447,0,0
0.7787067825938938,-0.14844271564879674,-0.45730974997270446,1.1045155115186742,0.9621958270360189,-0.1377672209026128,-0.8111988111690118,1,2
-0.38971299813734295,-0.3618086260668272,0.7113299954767364,-0.8167994942342927,-0.08609654416910952,0.0,-0.47751927070409333,0,0
1.302802165223274,-0.3616164404386648,-0.4503688799463447,1.6069960058875765,0.44898414598273606,-0.14014251781472684,-0.3025728528415766,1,1
0.16080144512893566,-0.03103248643284903,0.5516587899489963,-0.05672312231459957,-0.12687271141225517,0.8622327790973872,-0.4255919918184982,0,0
1.0437080937500716,-0.3026609045302647,-0.4262552056525198,0.38934837371293546,1.4491971558116181,-0.14014251781472684,-0.45628691907082797,1,1
-0.33513864882495764,-0.07180330603249349,0.5492879759175207,-0.17848180252852164,0.23358049235700448,0.0,0.45449549228141556,0,0
1.2431231061374926,-0.5361098416680297,-0.4064152355996444,0.4919547059399331,0.652296955988112,-0.14014251781472684,-0.180081981198123,1,1
-0.35799578437275476,0.27134808101634184,0.29108761093693947,-0.5021302242093678,0.19893089352551555,0.8622327790973872,-0.17317167646553452,0,0
0.06825750613934987,1.1786547336222306,-0.32970692371281957,-0.3063676960518576,0.0055179689005649835,0.0,0.8748861061963203,0,0
0.10495677901193796,-0.29145138081082106,-0.3975246829816106,-0.5427139593425879,0.25642326067331395,0.8622327790973872,0.2428943952175884,0,0
-0.22321876562460127,0.942757194805427,-0.3235459267231295,-0.2992339211687879,-0.519459969367158,0.0,-0.36123021899705887,0,0
1.167050162243816,-0.3786723536661349,-0.41884641180415827,1.0453199855480901,0.4481726799679471,-0.14014251781472684,-0.21229768197451193,1,1
-0.3230832130652939,1.0596534383416816,0.7872116419446914,-0.10997037062108442,0.33136214713907514,19.002375296912113,0.9698797375080742,0,0
-0.4264667420616764,-0.27641829197711315,0.8913402898008205,0.23693649076115691,0.14427865742947854,0.0,1.0708795431915186,0,0
-0.39303542855382023,1.1851211077388328,0.3388470357025876,-0.5623271496592934,-0.5518374633572378,0.0,-0.09465502943193711,0,0
-0.4776830694124533,-0.1268134402965488,-0.22450205106608645,-0.7669799904222572,-0.5767088967105196,0.0,0.648358224417141,0,0
1.063133993058705,-0.7534249713409392,-0.47335953706736544,0.6941596282420095,0.6550965137391339,-0.14014251781472684,-0.8900546354739727,1,1
0.8098877472750581,-0.6989018408070877,-0.43904512345390173,1.7262945598188344,1.6614360919796727,-0.1377672209026128,-0.5184734288002253,1,2
-0.22979484163032443,1.0961220302544008,0.6090418479871477,-0.8310815949171404,-0.24879548013429761,19.002375296912113,0.9137191185258045,0,0
1.2972793081078569,-0.5194304853905825,-0.4340383385584827,1.3056997410260325,1.6539706046436142,-0.1377672209026128,0.01682352509751695,1,2
-0.013840569700559396,-0.1417288684705451,0.7830939123110757,-0.2443213173068232,-0.028604177021311128,0.8622327790973872,0.3376074623686995,0,0
-0.18599936058748578,0.09642168186206843,-0.05494205543337544,0.02486368104829645,-0.286285210017548,0.0,-0.06982802258509575,0,0
1.3361797981043084,-0.6604612760999323,-0.467104955313275,1.4377709189539185,1.610597746153144,-0.14014251781472684,-0.6961291080180568,1,1
0.8905690884655914,-0.1259184504683425,-0.43851480978896634,1.2621705746313179,1.0521062614746366,-0.14014251781472684,-0.1261867258974046,1,1
0.6447310096429654,-0.39179682143222233,-0.4233696754168421,2.233992140223774,1.3355919137411627,-0.14014251781472684,-0.850484986065934,1,1
0.0434986705429314,-0.5174221827559078,0.9258106780216181,-0.5562885479236572,0.02263990181261221,19.002375296912113,-0.48449824208367304,0,0
-0.051289331159060716,0.8074461044452678,-0.08443685368022086,-0.43760717751679434,-0.1417225394828933,0.0,0.10635013951988077,0,0
1.471696998602594,-0.6128934877755312,-0.4370954408622276,0.5368243299854756,1.6724720297808027,-0.14014251781472684,-0.15122987588017592,1,1
-0.3632993789354192,-0.31030526809910064,0.8822001778110523,-0.027890811252042198,-0.22595271181798818,0.8622327790973872,0.6815121981072241,0,0
-0.3597632431795099,0.5730202359679992,1.0188963236785051,0.15864614307976255,0.12038098329394342,0.0,-0.4099412692769915,0,0
1.3540198418426077,-0.5402104384644796,-0.4563427074072341,1.7875080004531863,1.2545670321644842,-0.1377672209026128,-0.510286371884351,1,2
0.07963691122329472,0.2721903609646186,0.7628952006613323,-0.12749479290224267,0.05643746132857273,0.8622327790973872,-0.29347583969153224,0,0
0.03325816683158199,1.135318770440848,0.07796390747586293,-0.30821550664995295,-0.31395620112185174,19.002375296912113,-0.2967021184512547,0,0
-0.28262557748134437,0.3874642586847723,1.0785410135229985,-0.018211781486144222,-0.6018643431689776,0.0,0.6943134639629932,0,0
-0.20361439204017384,0.04567872447551997,-0.35349305133124326,-0.709757810226113,-0.3086816720257235,19.002375296912113,-0.35109026105331215,0,0
0.06185697262152962,0.23063579999071193,0.07258278352284248,-0.40614386044367984,-0.4928438840820798,19.002375296912113,0.005650889863583275,0,0
-0.30771738696263495,0.7851440304167949,0.8804220672874457,-0.697379553580678,-0.17000213009828882,0.0,-0.39834567544491395,0,0
0.07885186025166838,1.1205600542118264,-0.0347901361658322,0.06579055633344981,-0.1259800987959873,0.8622327790973872,1.076687736632368,0,0
-0.3074341092115915,-0.4959802635881913,-0.010598474568340274,-0.49410078916625644,-0.7919502571332935,19.002375296912113,0.2364856202612549,0,0
-0.4046195437693841,-0.18181928025872587,0.7383603949277058,-0.24766206116831707,-0.44512968241248846,0.8622327790973872,-0.061867316804804846,0,0
-0.26239309287556933,0.5230635975413823,0.1358148893360161,-0.44666552463919584,-0.7663079310659621,0.8622327790973872,0.7589559053482522,0,0
-0.10097789655158187,0.1825671297153143,0.9257794831001513,0.13062231246274889,0.268554677594409,0.0,1.1018867256989993,0,0
1.4718115847607796,-0.5864011357306342,-0.4644221920671315,0.9997614232851114,0.42959010822927973,-0.14014251781472684,-0.5642788282287734,1,1
0.07229653558697723,0.5146376938431024,0.31557562428836583,0.0906911362613531,-0.556746832746711,19.002375296912113,-0.467880255118453,0,0
1.234262821468827,-0.39941850053476535,-0.45013491803534383,2.1403380281793303,0.42804832280118066,-0.1377672209026128,0.04993355551544946,1,2
-0.17792740599784182,0.09985803007312903,0.7271302231996631,0.17054377569030532,-0.2839725318753994,0.0,0.3733588821013062,0,0
-0.07758932728888707,-0.48367892239301163,1.0226865066367195,0.28343142969563556,-0.5470092405692434,19.002375296912113,0.3888192612640015,0,0
0.025173116307132627,0.7155518371692787,0.012984886060549343,-0.22754778090555425,-0.34669885481858664,0.0,0.6760190979712116,0,0
1.1303806754183339,-0.7616286875715468,-0.4327593467783445,2.4374743309755176,0.9454796271313662,-0.14014251781472684,-0.09412294069899727,1,1
0.6745840138757051,-0.5560881072953829,-0.43235381279927626,0.6009134856234719,0.8667268503960969,-0.14014251781472684,-0.5174588729791756,1,1
-0.3762615433251364,1.2057917511247915,0.6214730241916616,0.0870073022197223,-0.19341292462495055,0.8622327790973872,-0.3620374453996523,0,0
1.375444845005681,-0.5707844973056662,-0.47125387986835743,1.6197313903062225,0.4950754156227494,-0.14014251781472684,-0.20925470612514435,1,1
0.13972971553259203,1.185876604043434,-0.05222809726576513,-0.696579955787462,0.1181900250540132,0.8622327790973872,0.5412104586451123,0,0
-0.23601871459268284,-0.5217449988747462,0.7685726763682872,-0.8003450153473995,0.24177629910637305,0.8622327790973872,1.0031287950479717,0,0
-0.2619920123949441,-0.25262685997509043,0.6109759331180884,-0.15814690987544044,-0.359398297950034,19.002375296912113,-0.08453025568075304,0,0
1.1690727106340524,-0.5015296217308398,-0.4229485439770405,0.5291126423523087,0.8515524359195431,-0.14014251781472684,-0.6289736200367443,1,1
1.2842703155365693,-0.4794065583604925,-0.4312151981657386,2.0676259835915554,0.8386501262843985,-0.1377672209026128,-0.7064646427551494,1,2
1.1881778741042082,-0.1626171646711587,-0.4147598770920094,0.7299504135994762,1.2741233631208984,-0.14014251781472684,-0.46193853563439097,1,1
-0.3458516744049583,0.25148195167045534,-0.08133295899427573,-0.7617395295842178,-0.45206771683893415,0.8622327790973872,0.4951280737056598,0,0
-0.4498414002211684,0.42803482634568607,-0.08955282080077363,-0.023077258164827794,-0.7291833608893667,0.0,-0.28456464897348216,0,0
-0.08546418017975269,-0.4827043580307943,-0.31641788716796904,0.33536650338613905,-0.13149806769655228,0.8622327790973872,0.36372743569438887,0,0
1.1341185613113016,-0.35656533659313905,-0.4365027373543587,2.3422910945582487,1.677462545771755,-0.14014251781472684,-0.7955699035112371,1,1
0.011566366225216685,-0.12728566873209154,-0.07819786938686382,-0.647350110772418,-0.3266556442532991,0.8622327790973872,0.7982475504457495,0,0
-0.1244375099282995,0.41806947490621926,0.970263441111787,-0.23859276079830036,-0.3018247842007567,0.0,-0.020989826182359568,0,0
0.6254378748537992,-0.5959087630589229,-0.4461887604697955,0.584748851185436,1.7547141103796646,-0.14014251781472684,-0.23197301875893997,1,1
0.004260779258807809,1.0025153010349832,-0.09284388501551948,0.2619072710108093,-0.03574507795145405,0.8622327790973872,0.7204064671812797,0,0
0.04722174721790551,0.15026196995494814,0.06551713381061564,-0.13185927283739576,-0.20530090174160892,0.0,0.1258248473533046,0,0
1.2746266096629602,-0.14746415127991394,-0.4594621995539126,0.5307493273383863,0.42257092720135514,-0.14014251781472684,-0.7453019252139513,1,1
-0.47247996641436496,-0.48917128137612553,0.4295930622494658,-0.2034908134566513,-0.07453315345836672,0.0,0.6187317453017969,0,0
-0.05879558144413785,0.8575398216762204,0.4728292234024301,-0.3563975351580128,0.2277379370505239,0.0,0.252457345797195,0,0
1.419548400237951,-0.7414210141123394,-0.44779529892533493,1.870763297001404,0.5113453092192682,-0.14014251781472684,-0.6500962833238763,1,1
-0.14323337574540307,0.5230009432968616,0.2899489963034018,-0.4903003133815646,-0.4889894205118322,19.002375296912113,1.138250150574558,0,0
0.11085598660662975,0.0056760768867031046,1.0623196543602702,-0.8426974009503261,-0.422286914096179,19.002375296912113,-0.2703287646433969,0,0
1.0533177850736444,-0.5476592019918708,-0.4328685290034782,2.274602308262975,1.6525505391177335,-0.14014251781472684,-0.23836058797828583,1,1
0.07332789003235148,1.0311885872909745,0.31830517991670954,0.28630659516356916,-0.418757036931847,19.002375296912113,0.8621462553435597,0,0
-0.41555276375210554,0.14770213926811343,-0.27101367897306317,-0.6452981510570666,-0.6650369724202988,0.8622327790973872,1.1551150827633097,0,0
1.4020185120068813,-0.13675650704397832,-0.4622541450251899,0.4604732732545116,1.7670889671051964,-0.14014251781472684,-0.5728392943314858,1,1
-0.3389132369304112,0.03584914923668452,0.37125855910657746,0.19783316431097892,-0.22830596326087618,19.002375296912113,1.0097968842899512,0,0
0.078312598904611,0.6763038360510236,-0.3653159265671549,-0.07739571256351065,-0.765942771359307,0.8622327790973872,0.3906958284062448,0,0
-0.24486962822539432,0.638461563227546,0.5533745106296695,-0.45611277803359473,-0.7967379066205483,0.8622327790973872,0.1559794402962775,0,0
0.16316421459355968,-0.16174490380943612,0.6320481025689018,-0.054397663531689844,-0.18176838731272885,0.0,0.32295422402966284,0,0
1.0452785505481206,-0.4615249192691809,-0.46722973499914217,1.2502023531775548,1.3845233144329374,-0.14014251781472684,-0.8428673474612547,1,1
0.8920304750686445,-0.40586458368934697,-0.4145883050239421,0.37225277095529075,0.6638603466988549,-0.14014251781472684,0.04571368328108723,1,1
0.9817876146315236,-0.2534841024418164,-0.40625926099231047,2.024790862440262,1.3856593668536419,-0.14014251781472684,-0.05157223235165084,1,1
0.7238493773309809,-0.7559661715358018,-0.43531733033862086,1.8992741897735,0.8719608061914856,-0.14014251781472684,-0.9438297395337254,1,1
0.7128290331335461,-0.44964874216032874,-0.44912108308767335,2.0104507435684384,1.0442756144319232,-0.14014251781472684,-0.4767366379161126,1,1
1.2319097453175747,-0.4947224054705029,-0.4327905416998113,0.416306415800292,1.4059460172233662,-0.1377672209026128,-0.18010976680991778,1,2
1.0930946038174207,-0.6469335746376721,-0.4757147536381077,1.164124379485294,1.3773012669013156,-0.14014251781472684,-0.06605806620700211,1,1
0.6241363902784622,-0.43610441697428776,-0.45054045201441206,1.3679576503646156,1.42919451854707,-0.14014251781472684,-0.8532598601455273,1,1
0.9813121169790131,-0.17820241377456683,-0.45919704272144496,0.9719372848505948,1.570795338127745,-0.1377672209026128,-0.11358957369845692,1,2
-0.49298466772860533,-0.15992355350576795,1.0751563645438522,0.0020640256570818526,-0.6564760059642752,0.0,0.04754686085556654,0,0
-0.02543213963862046,1.0875789288134534,-0.2545271629778672,-0.7790016124856028,-0.5413289784657206,19.002375296912113,0.6589663610585896,0,0
-0.17569603528211084,0.30182353229854086,0.18104752546285466,-0.13155849945397513,0.32734539036586974,0.0,0.8735029690405253,0,0
0.11788209212380198,0.7856674253721438,0.8236473102178965,0.09543731856073097,-0.5737470457565399,19.002375296912113,-0.273436132203714,0,0
-0.4956718259021573,0.6571429671191065,-0.29632835774335936,-0.30847345221690825,-0.482822278799436,0.0,0.10315925558376493,0,0
1.0068430956049117,-0.5028108920164056,-0.474295384711369,0.8831046111833258,1.0187144349660706,-0.14014251781472684,0.06466150740278313,1,1
0.08205293203059033,0.8642171224445726,0.9473819662159001,0.28135552845654693,0.3107914836641748,0.8622327790973872,-0.46542407414548403,0,0
-0.15842877513705225,1.0964348642969322,0.7219830611576435,-0.5349338736400799,0.24782172091655086,0.0,0.21549034034285183,0,0
0.0587980893911578,0.1873663557815243,-0.12539578556610984,-0.44004052986959435,0.11806830515179487,19.002375296912113,0.512539274502504,0,0
0.07582408255704463,0.15972106729028437,-0.02469857907132719,-0.7772271008646802,0.13239068031282014,0.0,-0.4922573700938204,0,0
0.7284149939054451,-0.4494574720804271,-0.42131081060003434,0.8788056445197651,1.7775974519967135,-0.1377672209026128,-0.07575727320327554,1,2
0.627998254566754,-0.16551175666949255,-0.4727668335594965,1.36351851472387,0.6333897978435291,-0.14014251781472684,-0.47748605747122586,1,1
1.2536331842697075,-0.19809177082063226,-0.4238999890817775,1.3513578624618752,0.6862162354062908,-0.14014251781472684,-0.21446863238203506,1,1
0.02317432800323058,0.5535626931094935,-0.3876670877981065,-0.542841226019808,-0.6087618042946839,0.8622327790973872,-0.4603044283171148,0,0
-0.04384193846895074,-0.39929907114179,1.0152153229454244,-0.771296619654854,-0.8321989714668263,19.002375296912113,0.04952177016297541,0,0
-0.06344461792262733,-0.01758555731944426,-0.012782119071015239,-0.37123833481262947,-0.7391643928712711,19.002375296912113,0.10334517356016695,0,0
-0.2707547220553042,1.0319805958977502,0.5858484238765929,-0.24456559073292938,0.15206873117145261,0.8622327790973872,0.838640715254075,0,0
-0.024798044771544025,0.6496640424268362,0.28881038166986417,0.18734557832962997,-0.5632791341657623,0.8622327790973872,0.16470582218341823,0,0
-0.1761922260513901,-0.324089102918091,-0.16415547548859047,0.24920238611907838,-0.7181879963889762,0.8622327790973872,1.0873586040596674,0,0
-0.21213046439707037,-0.4517427504774913,0.38833777860964236,-0.35242329098973746,-0.5816182660999929,0.8622327790973872,0.8798382553767917,0,0
0.07214340177699416,0.3259735128207581,0.7158688565501536,-0.04696472606371426,-0.5144694533762058,0.8622327790973872,-0.099835429922786,0,0
-0.2033221369632919,1.1872311060983816,0.6788092898476128,0.08926421525937975,-0.5943988558329192,0.0,0.023776222813706036,0,0
1.0915391415132423,-0.3334783464479754,-0.4728760157846303,0.5131895137734257,0.743140576343737,-0.14014251781472684,-0.45769987438749726,1,1
1.491579407306646,-0.1263500150290353,-0.463689111412662,0.6336608706777512,1.1554464584580117,-0.14014251781472684,-0.36292321761204815,1,1
-0.46291920175420076,0.4605998286503744,0.5846006270179215,-0.04305822114234083,-0.7207846876363009,0.8622327790973872,0.8338237981237449,0,0
0.0615976488744189,-0.4591019985777854,0.23543587104019464,-0.513830688670775,0.23078093460598254,0.0,0.5687888042047807,0,0
-0.00996061803054782,-0.17001222796715565,0.9189010029167252,-0.4729323994775089,-0.8044468337610435,0.0,0.7595904158601154,0,0
0.10969606801960514,0.27584458539418555,0.8006098607146757,-0.4705411792804706,-0.32113767535273413,0.8622327790973872,-0.17915334019727816,0,0
1.2163602343272106,-0.43341406443751046,-0.4489651084803394,1.561749328162952,1.6725126030815423,-0.14014251781472684,-0.0068244189821356875,1,1
-0.016995993183037107,-0.1641305638871875,-0.21338106156317752,-0.7199234944594017,-0.6980636392222098,19.002375296912113,-0.4306331487304558,0,0
0.8043048659360382,-0.691558166470774,-0.44196184861104615,1.7290027278659212,0.8380415267733068,-0.1377672209026128,-0.4106213236206233,1,2
1.1542477892097165,-0.7578382527531622,-0.4558747835852323,1.0364844925725494,1.1156440504326128,-0.14014251781472684,0.06483869942026778,1,1
-0.09903969764035701,0.7037537675648845,0.865027373543587,-0.47733479416708147,-0.41794557091705803,0.8622327790973872,-0.35540514203024026,0,0
-0.10273150742860143,-0.29481891510515534,0.1507416592578728,-0.7870924278753516,-0.7055696998590077,19.002375296912113,0.6180309600197063,0,0
0.020229326511501153,0.5560332470007211,0.12031101336702385,0.17583562290113883,0.06637792000973759,0.0,0.08532956698648426,0,0
0.01313718647126015,0.2979911344069103,0.08150453106234305,-0.5180646845599857,-0.14630732246645095,0.8622327790973872,-0.1755775785250552,0,0
-0.33586811153756996,0.24732631103190827,0.7059956639059162,-0.13348429536612172,0.005031089291691602,0.8622327790973872,0.32577064731001737,0,0
-0.48977242138318755,0.7485244757066972,0.9490041021321729,-0.8363569899365391,-0.12942882935884042,19.002375296912113,-0.2146378274825553,0,0
1.2949754092248118,-0.5811157975700739,-0.4685555191614805,1.9014234394343283,0.9953036404394089,-0.1377672209026128,-0.19325067341025873,1,2
0.7948569798210572,-0.1458113141538978,-0.47329714722443184,0.4838128018416094,0.4521082901396736,-0.14014251781472684,-0.6877714262439693,1,1
0.0897696640828383,-0.14165526478194265,0.3576575733470591,-0.5572777639668538,-0.7864322882327285,19.002375296912113,1.0974707173081586,0,0
0.15853577200961183,0.5631763649680612,0.5790947233790339,-0.31013677877871454,0.19146540618945704,0.0,1.1912402431327027,0,0
0.8971767508781596,-0.5233530837588098,-0.4059473117776426,0.7273155556174494,0.7011877833791473,-0.14014251781472684,-0.5930564489731611,1,1
-0.4760130528538134,-0.22664040326972407,0.681913184533558,-0.6198616443206186,-0.7931268828547374,0.0,-0.49543143020650426,0,0
1.1730511177733138,-0.14422849513457864,-0.4760734952349757,1.1419854461770036,0.8302514530313327,-0.1377672209026128,-0.09691514117339138,1,2
1.0912208895722875,-0.6320090567589649,-0.4676508664389437,2.232869471871907,1.5391075902502358,-0.1377672209026128,-0.48470840966020956,1,2
1.0870136385176066,-0.487990242642214,-0.4471090106530657,1.1930945859717197,1.7172649537971538,-0.1377672209026128,-0.10378116752486476,1,2
-0.33382772012737766,1.1177744151531872,3.899365183348151e-05,-0.6878830065876838,-0.07019181027924574,19.002375296912113,-0.4977095187556002,0,0
-0.3411860713040085,0.2665743199529825,1.019645001793708,-0.000980718525561211,-0.15478714232099566,0.0,0.1341518200671399,0,0
-0.20332147029468278,1.0039368997939904,0.07286353781604354,-0.7706265490556947,-0.5570714191526266,0.0,0.7975664619521025,0,0
-0.15555126043988762,0.7284777618822218,0.18912701012275202,-0.7773053872414275,-0.16351040197997707,19.002375296912113,0.6357438054427357,0,0
-0.05042248095668267,1.1851826012431952,-0.14164833965030493,-0.6025575842469498,-0.22867112296753123,19.002375296912113,-0.4263597167234345,0,0
-0.3119064460195746,0.3228140932683057,0.25571256999360503,-0.6875581069746459,0.18030774848610873,0.0,0.21693106357858877,0,0
0.8263449709005974,-0.15567435177042716,-0.4076474349975824,1.75272406069922,0.5149563329850791,-0.1377672209026128,-0.23478768972358993,1,2
-0.14818168520040426,1.0827256356401853,0.5913231325940137,-0.0008288088487156279,-0.5280209358231815,19.002375296912113,1.147407016497317,0,0
-0.5045832883597153,0.7107751390860266,-0.004733829332584655,0.32445153998258475,-0.724679724507288,0.8622327790973872,-0.4656664562450575,0,0
-0.40228074632214805,-0.5199500705611776,-0.34134262941993043,-0.01814061881506385,0.25402943592968646,0.0,0.39475843541004096,0,0
0.8747912550191949,-0.4112554991195485,-0.43893594122876795,1.8172254920809214,0.6332275046405713,-0.14014251781472684,-0.86889370667613,1,1
-0.2286132667267519,0.14086103997435187,0.3466925584514841,-0.731904051000023,-0.10857415277876394,0.0,1.0636753244096722,0,0
-0.16205167686512953,-0.34103987732414665,-0.1526601469280801,-0.6437857286242548,-0.8507003966040148,0.8622327790973872,0.24426422868683575,0,0
-0.12657197461575076,0.8753665836430178,0.5765679347402243,-0.7652847137632061,-0.33878706117439417,19.002375296912113,0.46205540314376775,0,0
-0.17986417713884514,0.62648430491232,0.2919610687380095,-0.20588770959592784,-0.8301297331291144,0.0,-0.06084810460298116,0,0
-0.023411496218064622,1.2093461142921345,0.43581644908208944,-0.09842009281770385,-0.5833629180317892,19.002375296912113,0.6218574753323648,0,0
-0.0076792024043828445,-0.05327077287910174,0.21439489651084803,-0.16220375588540675,-0.4960086015397568,19.002375296912113,-0.4477639799954274,0,0
1.130595205631551,-0.5109057824357672,-0.4204841451811645,1.2371145985452436,1.268483674318115,-0.14014251781472684,-0.6946973453399089,1,1
-0.043920357603436495,0.6376489813712802,1.0608534930513311,-0.11734178635699846,-0.36349620132471827,19.002375296912113,-0.18591954471209765,0,0
0.07996288289822578,0.9582582514043277,0.5990750705785098,-0.597077704494153,-0.42557335145607433,0.8622327790973872,0.03879654422289146,0,0
1.1759308608276953,-0.2610025304970081,-0.4292187231918644,1.4858892409782058,0.8415714039376389,-0.14014251781472684,-0.07236736084714834,1,1
1.1551985820163106,-0.5909875708781093,-0.43431909285168374,1.0487782459328776,0.8398267520058426,-0.14014251781472684,-0.6998937222758013,1,1
-0.2166860685053796,-0.12711734944345324,0.6503439240091713,-0.04114237859032811,-0.010102751884122654,0.8622327790973872,-0.4080095357679133,0,0
0.07437072050363049,-0.18804700984513487,0.5208226100790792,-0.17385645803363708,-0.06905575785854119,19.002375296912113,-0.19764548194961296,0,0
0.13474768731390793,-0.11390306173651725,0.8312120786735919,0.11772080625610279,-0.32507328552446063,19.002375296912113,0.8534625038281525,0,0
0.09144214434776804,0.5352849987463074,0.5279350521735061,-0.6463445387651829,-0.4884213943014799,0.8622327790973872,-0.45711805270696304,0,0
1.1192211115553392,-0.21777672868554926,-0.4534259822500897,1.3878016535491948,0.3785083225983142,-0.14014251781472684,-0.8418362418116451,1,1
0.061115668219987596,1.2322914561176392,0.5669287040069877,-0.7844864263106761,-0.42565449805755323,19.002375296912113,0.08893707445336717,0,0
1.1572586419194741,-0.42528855840904134,-0.4626752764649915,1.931667484525201,0.46180530901640177,-0.14014251781472684,-0.5875744494842907,1,1
1.4301330573010609,-0.5265236383972458,-0.41023661347932555,1.935903296698891,1.247304411332123,-0.14014251781472684,-0.9145356482868006,1,1
-0.28755793565159204,1.2119428687792035,0.04726810475254629,0.27684833445474816,-0.5799141874689361,19.002375296912113,0.17878065890307274,0,0
-0.18253185536421526,-0.049215867508382846,0.5161745667805281,-0.47101135678626177,0.19325063142199275,0.0,-0.3908252122096286,0,0
0.000347955510974156,0.8331956607424893,0.2854881225336515,-0.5642927340772035,-0.06085995110917261,0.0,0.0883036188440677,0,0
-0.2934818731445456,0.7541699780410113,1.023544366977056,0.025422577493718585,0.23909846125756945,0.0,-0.2609738353152592,0,0
-0.2943452576916565,-0.005307141431696245,0.6385834386161933,-0.2859341275090835,0.3070181666954061,0.0,0.015207728721504771,0,0
0.07262010891913981,0.8138597339904893,0.283242088188043,-0.42001973081416083,0.301216184689665,19.002375296912113,0.39889201038532374,0,0
-0.34683774981004484,-0.11867275675289052,0.09273470279038573,-0.253812156592986,-0.5677016239463621,0.0,0.9177872914629028,0,0
1.3418781953180192,-0.4762118070697551,-0.42455508243258,0.39338251069745545,1.0916246563948593,-0.14014251781472684,-0.3758401964280359,1,1
0.013663639926358074,-0.1802864355345764,1.0781354795439302,-0.7255259004660412,-0.5427084706908619,19.002375296912113,0.8162729998861038,0,0
0.6343619801448752,-0.3487087039496641,-0.41766100478842044,2.3997237630801886,0.5743962185683711,-0.14014251781472684,-0.3463539058593755,1,1
1.111510220077185,-0.35361701390257844,-0.40962831251072324,1.3264504450446108,1.0093014291945186,-0.14014251781472684,-0.7916820576228057,1,1
0.11674041620585741,0.8922610245262669,0.21197729009717217,0.17661267804155018,-0.3891791006927891,0.0,-0.38287557178258036,0,0
0.16421004591117905,1.0449050265678017,0.8165816605056697,-0.05613796436002616,-0.27638532463712256,0.0,0.5304100508386077,0,0
0.895705444743509,-0.6024563199893566,-0.4230577262021743,0.6489818632287562,1.5242171888788583,-0.1377672209026128,-0.49633399763846175,1,2
-0.06091942970738759,-0.06805093158178471,0.4292967104955313,-0.12988930956008737,-0.3137533346181545,0.0,-0.23504614041103283,0,0
0.028901729171994257,-0.03102186090062099,-0.19812674496591956,-0.1348229712743003,0.30271739681702453,19.002375296912113,-0.1425504882711995,0,0
-0.4163226272596869,0.6301479454608186,0.7232620529377817,0.2380920463444094,0.2741537930964529,19.002375296912113,0.6587562288621553,0,0
0.039384673612019014,0.908336685518758,1.0683714691248265,-0.6136216015846303,0.2369480763183787,0.8622327790973872,-0.49627572592907465,0,0
0.0196040370544894,0.6174705405544139,-0.15854038962456912,-0.04194594412090239,-0.12098958280503515,19.002375296912113,0.8115610853430265,0,0
1.459575499927285,-0.30849110722671613,-0.4335236223542807,0.7469184034494646,1.7289906377108544,-0.14014251781472684,0.011225915546724129,1,1
0.8220198451352875,-0.7326023920235779,-0.4574969195015052,1.5502982626354886,0.9473865722661203,-0.14014251781472684,-0.16851347192183158,1,1
0.8424937498980773,-0.5337041959142613,-0.4350365760454198,1.7145357838213273,1.097913518009474,-0.14014251781472684,-0.12307320999426667,1,1
-0.4754588035508777,0.2860033822884688,0.9549155397501287,-0.3352469465065651,-0.5883534340227413,0.0,-0.04780814515675668,0,0
-0.32664117390615366,0.43843619233558323,-0.028223605197073915,-0.3126864779182731,0.11052167121425746,19.002375296912113,1.1755724798811598,0,0
-0.37501743186502456,1.2130434740490537,0.18101633054138785,-0.7640470118215636,0.09985089311978253,0.0,-0.2942635420317855,0,0
0.9401673529631859,-0.4911811048653194,-0.41326252086160375,0.6778754298179583,0.7756803635367746,-0.14014251781472684,-0.2353958745755289,1,1
0.06275103774898713,-0.21235972463660524,-3.899365183348151e-05,-0.06399185151097096,-0.2875835556412103,0.8622327790973872,0.32623249825843087,0,0
0.028154994963424114,-0.1383792906438788,1.07100743998877,0.05081228869906528,-0.2486737602320793,0.8622327790973872,0.501784328009901,0,0
-0.04241966558396914,0.7996139044908214,0.015418089934958589,-0.17902777068953526,-0.3699473561422906,0.8622327790973872,-0.2573793773376791,0,0
-0.4404263225922021,0.9905077580548151,0.6969959290627485,-0.5254609190259347,-0.42492417864424314,19.002375296912113,0.6480742514643207,0,0
0.8017669958905146,-0.10344157518149004,-0.4045279428509039,1.6703533820694294,1.4820615294105715,-0.1377672209026128,-0.14150288110184805,1,2
0.7040578685638088,-0.23423921342596016,-0.4238375992388439,1.685218111604799,1.350117155405885,-0.14014251781472684,-0.4795398224307538,1,1
0.0816220657120539,-0.25566065547753125,1.0323413348306896,0.28101370043813356,-0.13295870652317243,0.0,0.3887206931696437,0,0
-0.47426173706255376,-0.16549055783478142,-0.2695787125855911,-0.08167040821596747,-0.44545426881840405,19.002375296912113,0.9251804687051502,0,0
-0.07670534791062089,-0.4313606345774096,0.10605493425670301,-0.08569193223387123,0.2449004432633106,0.8622327790973872,0.8746826175424961,0,0
-0.03190516481837463,1.0947368722347348,1.072052469857907,0.20303565952274338,-0.7616420014809254,0.0,-0.4586423808766728,0,0
-0.06874410152791395,0.5376450587593152,-0.20658056868341834,0.1518513225808471,-0.4138070942416343,0.0,-0.23759575552772128,0,0
-0.2981491997683057,0.9134372320795041,0.5257514076708312,-0.7088512813257115,-0.6460892409749764,19.002375296912113,0.6857927204730517,0,0
-0.2450492220417222,1.2407242162132213,0.9789200318188199,-0.3915732497442685,-0.02978080274275513,0.0,1.1422542477949884,0,0
-0.09244244423732985,0.34415375967525197,0.11622447865487498,0.13563482505765526,-0.21313154878432247,0.0,0.8922184985227548,0,0
0.040583527425728814,0.5335389561820183,-0.1773509272690406,0.09844195654167026,-0.7271546958523943,0.8622327790973872,1.0171717846628792,0,0
-0.08562658124693122,0.37672663792210803,0.8503657604541981,-0.7896522104577293,-0.6365950886019455,0.0,0.9636394432505707,0,0
-0.3983156282685705,0.45988933011190986,0.37927565392354123,0.2433222898579882,-0.11303721586010326,0.0,-0.01933321585231885,0,0
-0.020641045624919103,0.07537315350813556,0.9490976868965733,-0.5552895351384608,-0.6978607727185125,0.0,0.7071184285445171,0,0
0.09025086315946884,-0.10481717726964936,0.14220984823670707,0.0021271265236813366,-0.1480114010975078,0.0,-0.23968795488681666,0,0
-0.20870681585699424,0.42109067352910273,0.3097733688955438,-0.6250155089945059,-0.3998904520880035,0.0,-0.4267471528686625,0,0
1.1137002471590822,-0.09819487861770305,-0.46609112036560446,0.5344361990738427,1.1018491281812004,-0.1377672209026128,-0.8424181541461836,1,2
-0.21962250835408337,0.39325995910653166,0.8663063653237253,-0.16667605687029585,-0.0521366914501912,0.8622327790973872,0.4569958852926568,0,0
0.9950638806376518,-0.3724863391309203,-0.4382964453386989,0.5411663373468251,0.9973728787771207,-0.14014251781472684,-0.771297807623395,1,1
-0.22893827415178863,1.2427681345653576,0.49970364824606556,-0.5992579993711661,0.030998001764938582,19.002375296912113,0.49272320340326276,0,0
1.1119724503142405,-0.1179556118457186,-0.4012836710183582,0.4082747100679061,1.3117753862071064,-0.14014251781472684,-0.18802665097306817,1,1
-0.339791027525222,1.1302907297740061,0.42885998159499633,0.3324541840190618,-0.46415856045928977,19.002375296912113,0.24270891821094645,0,0
-0.2576670706471751,-0.1395704008432779,0.5487264673311185,-0.5958766692962544,-0.6820777587308672,0.0,0.9846878554044921,0,0
-0.04428873515874674,-0.10863105926279758,-0.06083789559059785,-0.7376201960939057,-0.2076135798837575,0.0,1.1850691219592728,0,0
0.006735258637105193,-0.3890621678224383,0.06197651022413551,-0.09755220158069075,-0.4931684704879954,0.0,0.3609745160653566,0,0
0.11919932953261314,0.17700411853891015,0.6494392712866346,0.19505240668151083,0.1535699432988122,0.8622327790973872,0.3535678808411643,0,0
-0.07399189445926424,0.8196028333957948,0.489908442905495,0.011332330648310523,0.0028807043525008367,0.8622327790973872,-0.08367353359035579,0,0
-0.26301990979297496,0.005307141431696245,-0.32401385054513127,-0.237992090397076,-0.2418980190085914,19.002375296912113,-0.12200705256784287,0,0
0.01809005012911568,0.7450281184042531,0.825253848673436,-0.1430913423922248,0.14302088510655564,0.0,0.11190557646147115,0,0
-0.08009126602947263,0.5811602391833456,0.35378940308517776,0.32915550947716515,-0.1976325479018532,19.002375296912113,0.3056210634077862,0,0
1.4569320952711853,-0.5898568880388061,-0.4290627485845304,2.099937416201373,0.8227453923945348,-0.14014251781472684,-0.9523906077116151,1,1
-0.2668459778805788,-0.5375811336411065,-0.030719198914416733,-0.4702720219204822,-0.7386775132623977,19.002375296912113,-0.2895664008875262,0,0
-0.21168940385187562,0.12763559913775777,-0.26332413083150064,-0.10932462643608248,0.10751924695953828,0.0,1.0687854452662606,0,0
1.3323102832099405,-0.44727827156837363,-0.4477641040038682,1.9688383939518175,0.3803341211315894,-0.14014251781472684,-0.7853349866678299,1,1
-0.4445405711879784,1.1350731843174884,0.7922964141437774,0.12592806623085934,0.03615081095884853,0.8622327790973872,1.0720975437395148,0,0
-0.33731020408303364,0.7952912939901877,0.9742719885202689,-0.14263548765540698,-0.3025956769148062,0.0,-0.03687500715302924,0,0
-0.4832986448789352,0.9181056065957046,-0.31601235318890086,0.1106250498859308,0.25029669226165724,0.0,0.6679076415238446,0,0
-0.3791927454819255,0.6631205389735938,-0.13815450844602498,0.29995267296942024,-0.7557994461744449,19.002375296912113,0.2989614904847515,0,0
0.6298165760171415,-0.1619463852041998,-0.4603668522764494,2.0541096515173916,1.5085964680941706,-0.14014251781472684,-0.3813814196718552,1,1
-0.20741080493817798,1.1952008702181907,-0.38057024316441285,-0.8276016672044775,-0.013551482446975767,0.0,0.7144971185002814,0,0
-0.1398818038009429,1.1223944578245293,-0.11931277588008672,-0.7582091771598951,-0.15596376804243967,0.0,1.0496094373803322,0,0
0.007153818143691608,0.6970433863445413,0.7608675307659913,-0.44236503129889504,0.2959010822927972,0.0,0.9143208280785725,0,0
0.13407668724279795,0.7955664397208023,0.6417029307628718,-0.23147986267040505,-0.44650917463762974,0.8622327790973872,-0.23195699454254187,0,0
-0.306371198816382,-0.48060322176532266,0.26946953036045734,-0.6793773644971381,-0.6016614766652804,0.8622327790973872,0.21018826576958574,0,0
0.011854030171236991,0.3412731570734989,0.992193470902937,-0.6532187388375145,-0.7390020996683133,0.0,0.8093390124709332,0,0
-0.22481370871707945,-0.4788697848176727,0.3407499259120615,0.09873858444773931,-0.6598841632263889,0.0,0.6888885011600913,0,0
-0.2247857192345213,0.11386087000946613,0.7988785425732691,0.16192150994413018,0.12139531581242963,0.8622327790973872,-0.38663101950145917,0,0
-0.3957301425127665,1.2126450152760266,-0.12578572208444466,-0.4548728690091298,-0.3870692890543378,0.0,0.3609646269488701,0,0
0.9896702441280353,-0.4293626209007107,-0.42277697190897323,1.6923111390924341,0.6581395112945926,-0.14014251781472684,-0.08843968490805341,1,1
-0.03275474127635998,-0.11421101346186442,0.9833809055885702,-0.45642760986577363,-0.09120878006228002,0.0,-0.47643184103304276,0,0
-0.29923510067475023,-0.3020582450693632,0.9316597257966404,-0.35644259886675517,-0.6357836225871565,19.002375296912113,0.4373999220390494,0,0
0.8296678230436596,-0.703456612832115,-0.42669193455305476,0.43615809630050295,1.2194711270248613,-0.1377672209026128,-0.44922112052610325,1,2
-0.28267809674263694,0.4597775564415527,0.017726514123500695,-0.005566268005311919,-0.04544209682818221,19.002375296912113,0.5492813443781407,0,0
-0.36018698123456744,0.2582366662477196,1.0522904871086987,-0.5531974516825265,0.20457058232829886,0.0,0.6545025499591741,0,0
0.7345721076843053,-0.5488364992475746,-0.4084117105735186,1.3732013699506214,0.8070840983091077,-0.14014251781472684,-0.8926996736613029,1,1
-0.19800247134055451,-0.5117433114273021,-0.17711696535803972,-0.42988660186867067,0.2887196080619149,0.8622327790973872,1.131739876061476,0,0
-0.02388283977103246,0.8013787198595116,-0.33770842106904997,-0.5706315947002226,0.3024739570125879,0.8622327790973872,1.0573288462426407,0,0
-0.000347955510974156,-0.11712896150895635,0.3319373605976947,-0.5536207695594567,-0.5450617221337499,19.002375296912113,0.6739806710983071,0,0
-0.2296776894780701,0.9252458518938723,0.7329948684354187,0.02119417900928487,-0.10593688823069979,0.8622327790973872,0.815641446501063,0,0
0.7995591355524344,-0.4555452281619025,-0.40476190476190477,2.379450047999852,1.7143436761439135,-0.14014251781472684,-0.6323492865480944,1,1
-0.1445281262721008,1.1631185099602752,0.7411991327811832,-0.06280646130806912,0.2753304188178969,19.002375296912113,1.045619417108035,0,0
0.7594991700209204,-0.7650667821122072,-0.4263331929561867,1.9039495298699194,1.6315335693346993,-0.1377672209026128,-0.08898355380085764,1,2
-0.14016625431525798,0.7522830325057893,0.16059925444137693,-0.08990574393355001,-0.17616927181068498,0.0,-0.10004169158196442,0,0
-0.4680164329202213,1.2011643938029186,0.5011386146335377,-0.5953441222733044,0.24656394859362796,19.002375296912113,1.1029471369615345,0,0
-0.24595646959631504,0.35927956012852036,1.040623586480121,0.23354994244447025,-0.7929240163510402,0.8622327790973872,0.0070751962728499585,0,0
-0.17300975294572898,0.10494792122507235,0.3079172710682701,0.06982074273389477,-0.5249779382677229,0.8622327790973872,-0.23968574638317558,0,0
-0.14250091623060349,-0.3604305473387775,0.8673825901143294,-0.6579078006320742,-0.4493493056893911,0.8622327790973872,-0.0962834154153893,0,0
-0.24500738808153485,-0.4917846272894851,0.6687957200567748,-0.33718141145038305,0.08731374319129297,0.0,0.36809268083406727,0,0
0.03630504681396021,0.1470919322198897,0.14263097967650867,0.1534163325557176,-0.8222990860864009,19.002375296912113,1.1827019410938808,0,0
1.1445976055953857,-0.5128400677432283,-0.45478296133389484,0.3663146235037308,1.5866189254161298,-0.1377672209026128,-0.32448161070994425,1,2
-0.37747093542301935,0.13633953226051906,0.9514996958495157,0.3346124545890254,-0.10390822319372736,0.0,0.7472872041275496,0,0
-0.45499604950947986,0.5734993965841811,-0.09374853773805625,-0.21429431959660522,-0.7229350725754917,0.0,0.33362909160492227,0,0
1.4382961204613145,-0.37280994050940286,-0.46507728541793397,2.408373985975892,0.7470761865154635,-0.1377672209026128,-0.45845169692710885,1,2
0.8481351124930268,-0.6678395268828196,-0.4054793879556408,2.268890206775396,1.4365788592816497,-0.14014251781472684,-0.4680582895145491,1,1
