Label,Fwd_Pkts/s,Flow_IAT_Std,Subflow_Bwd_Byts,Fwd_Pkt_Len_Std,Init_Fwd_Win_Byts,Dst_Port,Fwd_IAT_Min
Benigno,63.211703392440256,0.3502928834864003,38187,45.199588890988345,22666,8080,0.14294146472428998
Benigno,83.53624028192995,0.43335262282852294,24370,27.898406487516887,6091,443,0.10547996438407187
Fuerza Bruta FTP,353.8242876763466,0.17655993643419632,4911,84.669730505595,46269,21,0.05042187067392854
Benigno,173.89537939660227,0.2500680102825137,33841,26.414013856283272,3408,443,0.0797362636165057
Benigno,166.76579470308968,0.4413559345097895,34121,11.731169137250529,7415,8080,0.15574545312512578
Benigno,89.39597936869873,0.2174599160217394,18568,17.127440707036566,5999,8080,0.15188862183520296
Benigno,99.39864291476033,0.43434384061654285,58637,49.92038910117199,13670,443,0.06573023147286368
Fuerza Bruta SSH,382.3740263301762,0.1925296774877439,2426,102.09862732849976,53176,22,0.09095358092795854
Benigno,148.46654584485253,0.2246004325103047,55127,10.388208816791217,16273,80,0.10476413392762185
Fuerza Bruta FTP,334.65619477030543,0.18870202417674797,2814,83.518232859275,50773,21,0.015930536827974025
Benigno,100.38565156593872,0.4576553565377627,20210,15.240130745690603,11790,80,0.12072318994522367
Fuerza Bruta SSH,455.6538675854255,0.10937431970607567,4825,100.1074298872613,36594,22,0.030340823080359826
Fuerza Bruta FTP,379.0069030777644,0.05391822837727851,3294,76.22037218227162,65395,21,0.09177504203321779
Benigno,149.9420728629134,0.4913681719451759,56363,27.482098997326485,5650,8080,0.17048233237283544
Fuerza Bruta FTP,499.67824757806295,0.19507260311036778,849,96.46233931984949,46977,21,0.09861857281103002
Fuerza Bruta SSH,340.3421483873574,0.0996277614791056,4455,83.71313883122485,51359,22,0.044674758796376106
Fuerza Bruta FTP,495.96388717131595,0.19204675008936423,3547,109.24329988690064,49629,21,0.055699553171113796
Benigno,119.45143150108744,0.39784184279180457,59228,13.310564351195765,26386,443,0.13903890806586452
Benigno,171.24000741011767,0.33101161552318664,5649,15.395262355695598,15244,8080,0.1475044051783826
Benigno,186.96619573212556,0.43267685066998196,81486,41.077682228227815,9722,80,0.12144049147301471
Benigno,98.0774566893021,0.11599571635256307,7693,21.900759748767243,17346,8080,0.183197859688497
Benigno,120.59844066117616,0.3582486719135983,97320,17.249888398064655,4290,8080,0.19587898223252048
Benigno,137.71381824883503,0.20451366021538786,29714,24.928865690325942,7571,443,0.09067533454714269
Benigno,71.20792105170065,0.2234021429715457,75611,31.54986427813993,22900,8080,0.12666249628315096
Benigno,57.74595776214992,0.2878501132147999,74352,14.060492436106568,21173,80,0.07522992093085873
Benigno,107.9097444007753,0.13318959123413207,15325,22.59107918291079,14247,8080,0.10016571355184059
Benigno,75.48895476625427,0.36840725592010304,77639,49.025634784692116,26924,8080,0.07332243532200988
Benigno,113.60346988393871,0.1302601945081408,93626,42.12832419154167,7994,80,0.1807694565103325
Benigno,117.93092751677582,0.26027501787417107,16296,28.174943433118848,19122,443,0.09625349562583167
Benigno,169.13143518248944,0.3158296935852841,38211,42.210132495177476,4090,80,0.10572562454529773
Benigno,142.63796751251977,0.20201914383339498,46421,40.479988109161006,5506,80,0.199785500786604
Benigno,69.31710569555962,0.2446105933610334,17668,40.209006231682864,4920,443,0.07348323930960954
Benigno,187.33477611843998,0.4864015073572534,11758,39.64811244326272,26907,80,0.11302272851543063
Benigno,62.235020442896975,0.23703523648805322,48939,44.91461972273285,29465,443,0.061252834604452674
Benigno,76.81733793125616,0.43315470977325765,10303,10.159913541657527,3722,8080,0.18950057053608038
Benigno,60.87041120089172,0.19308798885166595,11049,43.82545923408984,3152,80,0.05591716313547108
Fuerza Bruta FTP,339.4549873206211,0.13323121450596148,3917,79.6911933240844,53868,21,0.03511409840166347
Benigno,117.62408021571937,0.4231049411536233,35216,13.2551111433893,18302,80,0.0747870413762371
Benigno,166.11690176884215,0.45456736301318146,66672,45.270699266407505,10875,443,0.10151243379487479
Benigno,78.35500645205369,0.2678214008335732,11501,12.861932170465327,24782,443,0.0988588220568796
Benigno,161.25128941999398,0.37056245448409486,90127,26.288412905965185,9599,80,0.07306878633722533
Benigno,88.99685823294323,0.23725044620343755,50364,28.057932065351586,28682,8080,0.12874847941662754
Benigno,95.38683144193344,0.4373471347571969,81451,44.48900244152958,18092,80,0.13665343602611782
Benigno,72.4944127171319,0.3328360057780049,8741,14.154518890941663,11528,80,0.1626975790343671
Fuerza Bruta FTP,315.01359792509174,0.1757007845714051,4769,85.67009130404543,31981,21,0.032797052875542854
Benigno,175.99545159908754,0.31760679917763046,24423,41.119480235325994,10161,8080,0.18836682216367223
Benigno,181.64161533864416,0.36901014992653436,8966,10.365028320706307,26628,80,0.09606499059781767
Benigno,156.13624060133534,0.40387990733216483,40274,46.12084428905421,10923,8080,0.19674175090429658
Benigno,151.16483212099047,0.19025581841499456,16591,17.67490481492887,20781,80,0.09159369335100809
Benigno,166.43575086269703,0.15540562566044913,96013,45.09427164454593,24262,80,0.17298190768977895
Benigno,76.06176475863202,0.29656875534288274,59264,20.55500821433806,17945,80,0.1737845777725052
Fuerza Bruta FTP,358.38491648945916,0.15353940394807591,836,78.83342696385715,46085,21,0.015144858445663052
Benigno,95.91324172999673,0.4558035233600487,38322,21.19197469730839,22850,443,0.16601470662909573
Fuerza Bruta FTP,471.14070766790303,0.1524676296402477,2401,51.611903631185406,47156,21,0.03570057735217704
Benigno,52.681350030258386,0.4318131635990753,22808,14.522113791876343,28867,8080,0.11722119657638333
Fuerza Bruta FTP,486.5969399948665,0.1303133143211374,4910,50.44896612501367,57579,21,0.034589533300094163
Fuerza Bruta SSH,498.8697522493445,0.1519801318877811,3806,61.61836574903515,32363,22,0.01807248407856092
Benigno,86.92432816015216,0.3454565003585299,29832,13.33287363146216,22051,443,0.15504193831430074
Benigno,168.53426308865153,0.2605216370874224,78158,41.24141471009615,26698,443,0.15851704775714814
Benigno,119.7739980604706,0.13944475563787095,86771,36.59653088679769,13947,8080,0.10379139499007435
Benigno,133.31522846234054,0.4827247402692224,88888,38.698713402469636,26466,8080,0.19740452125974062
Benigno,103.88007102379301,0.1520018843531335,67205,39.364020652440644,18509,80,0.15460217423931766
Fuerza Bruta FTP,430.34381098251475,0.10243501145514347,1533,93.7148167202827,43426,21,0.051584862323799684
Benigno,61.669254738154045,0.39837216878855763,52973,32.828908404818016,7646,443,0.16855171023283821
Benigno,55.12649068446077,0.238243197877549,89363,24.387789488874603,24503,80,0.1465931664293281
Benigno,115.66695567386029,0.4139282619365643,12937,21.343315670629014,20089,8080,0.06229580579914576
Fuerza Bruta FTP,466.4840102035913,0.1024257621816325,1035,80.87521155935812,51866,21,0.04783617026483191
Fuerza Bruta FTP,320.666172423912,0.11390781774983647,4475,114.0847481536786,39178,21,0.06499181144340607
Fuerza Bruta FTP,322.69958986940895,0.1802832802115068,200,88.44806831879575,62072,21,0.06760238057951816
Benigno,133.16860859965453,0.17050258125992684,49202,18.3862113446596,21144,8080,0.188393532541065
Fuerza Bruta FTP,419.408569505752,0.057857162829277844,2169,115.87091410649073,36110,21,0.03103070895847996
Benigno,73.53158921419403,0.21791323776371568,62195,37.48604886369213,19427,443,0.06112028016328242
Fuerza Bruta FTP,304.43491668591895,0.12888848755628807,2627,69.25878120037797,44754,21,0.0809096267427541
Benigno,67.77438643147404,0.36173137261809163,46834,16.789162294865335,21915,443,0.09622356774643215
Benigno,108.98106166929176,0.10672888364671206,87353,43.330093104746815,24569,80,0.16333758010202276
Benigno,77.87042570492781,0.4120683165766116,71265,11.272951244332944,28808,8080,0.09888777955098646
Benigno,77.77472536281434,0.4987096282614173,51261,40.54449699357174,24826,80,0.07237779997931344
Benigno,151.82898697253472,0.28159526579109284,94303,15.41921868520804,1584,80,0.09574131054116163
Benigno,181.32276723096388,0.29730647478781314,34411,14.455198650028223,20689,8080,0.06222132637894117
Benigno,165.75974911866126,0.47164087003378097,56824,14.331970613957466,5262,8080,0.11505291424320366
Fuerza Bruta SSH,445.49518321708774,0.11755463427040491,624,87.47213141657008,31432,22,0.01953048677108095
Fuerza Bruta FTP,496.499889673457,0.1367036943827224,3902,57.01156639915736,43592,21,0.06913818756273218
Benigno,183.42701392836045,0.3458878117080232,26331,31.158022116755447,18661,8080,0.08267366389052981
Benigno,165.98275313381492,0.370388385654284,90984,12.595587525825827,3774,8080,0.08221183728448425
Fuerza Bruta FTP,455.1653196813383,0.08574083575344484,4779,51.89190668763923,39394,21,0.08240995164898739
Fuerza Bruta SSH,393.04293739948014,0.08485886614637338,1715,58.84726869945452,42841,22,0.05213286495926908
Benigno,72.3263286345527,0.18409513243058406,29027,27.74324264928728,10373,80,0.11871032337494923
Benigno,80.13822408398558,0.4190390543598287,59659,22.360673476054767,6489,8080,0.15629797822224084
Benigno,178.59872347267356,0.15994567990314998,11728,41.9847725711417,28175,80,0.07191822461987485
Fuerza Bruta FTP,464.74653436523624,0.13960921341016108,2425,60.724226018816026,63519,21,0.050599532386326924
Fuerza Bruta FTP,479.8934094369754,0.09577895498666408,4674,60.922349151075686,44746,21,0.08158479034349513
Benigno,169.27965903394963,0.2642378910974268,25346,31.043132585035824,20034,8080,0.19333408411021785
Benigno,192.22400610545964,0.24018547770988855,64689,22.80354409837657,9455,443,0.10744269729024399
Benigno,91.84087582895353,0.27950348522988855,10338,32.35723117546729,15299,8080,0.09991452653714467
Fuerza Bruta FTP,431.3197444195624,0.11897743106475393,2103,52.9439692668126,36428,21,0.09300548510212417
Fuerza Bruta FTP,451.16506405787896,0.16444385308454246,131,66.85931654600486,61003,21,0.06308894796584666
Benigno,126.64339769934861,0.10267363235889473,12173,49.78372442152285,23315,80,0.18672780807336925
Fuerza Bruta FTP,373.27377300685856,0.1542115587926417,4746,102.68069169855721,41906,21,0.06987518760167787
Benigno,87.93973872986251,0.16264731754485073,91021,21.741039640503928,11270,8080,0.0969949830300285
Benigno,105.40367076700649,0.44851527016671233,98379,46.04136469956571,12505,80,0.16841893523624998
Benigno,175.16818758991508,0.19220143519396166,30080,46.55722955149258,10005,443,0.15870390016296526
Benigno,153.05312247397558,0.4728364436153806,47782,27.515210599660726,11004,80,0.07244274756491721
Benigno,100.01889421761753,0.1447891282836643,59136,23.89287888368112,2484,8080,0.12695191138081063
Benigno,76.26447943861236,0.46604317650072047,23231,24.758337014678453,24879,443,0.12289513679863846
Benigno,178.29952774017204,0.2242868194391071,29246,34.107652511172674,7476,8080,0.1726646574871985
Fuerza Bruta SSH,465.7424207477426,0.06901880444138993,1918,95.5991754996964,57792,22,0.011310385200733089
Benigno,177.35250265058676,0.39849530963832713,71078,22.028927204602724,24146,80,0.15754755599540404
Benigno,60.06896259404004,0.4468042817371932,59925,14.6910555111526,5240,80,0.07973338415817362
Fuerza Bruta SSH,448.24953528150854,0.17700170185159753,4454,106.27329172374385,54193,22,0.05501775616042331
Fuerza Bruta FTP,316.25061432037586,0.06461506451669762,2105,76.1095236334292,54526,21,0.019928997752284884
Benigno,61.346188757178076,0.4703712688169537,75752,28.81643248068496,29766,443,0.1432262519670698
Benigno,119.09352349750878,0.4431146293091448,66230,11.165596681323855,25472,8080,0.053649958397507684
Benigno,164.10148676552018,0.1460790518567905,54646,28.45256212535287,3183,80,0.09825773763420673
Benigno,175.1349637195712,0.47444520328569595,25970,41.442095669018684,26034,8080,0.06772320282824078
Benigno,162.0771310756578,0.10983155693286047,30650,39.71123859934377,24262,443,0.18510808770744125
Benigno,180.89827309619935,0.31297992390794294,79195,30.09091533073548,12813,80,0.15992713854763435
Benigno,143.22106165260846,0.3286721234011465,81987,19.205110246304628,14458,8080,0.15300821128592199
Benigno,185.46246472054568,0.1998988841910098,86960,24.80965663539277,13817,8080,0.1953222437358798
Fuerza Bruta SSH,370.9721954321431,0.082134487582883,2106,105.14675877794024,32935,22,0.06998801454867562
Benigno,165.93395148309557,0.40399552294321495,93352,24.232269139309057,22405,443,0.19893669483276344
Benigno,66.10641994298753,0.45451401592015006,74639,26.207674151112954,5598,8080,0.19781259147532204
Benigno,57.93735055419275,0.23461711442901892,39963,24.109987402766514,13204,80,0.062384749811877985
Fuerza Bruta FTP,410.07749838984455,0.16677118762611026,2506,82.1310013661714,35141,21,0.016994802620520104
Fuerza Bruta FTP,484.479839517546,0.12006593344314336,3333,116.47412988112113,62455,21,0.023216365370863197
Benigno,164.06960496660872,0.2682011698629003,94569,37.53915250156659,29077,80,0.14007562976455556
Benigno,87.56557103076668,0.3304260249631833,14033,47.4876171496627,21474,443,0.06525165822291276
Benigno,151.00965573072233,0.4453691240753055,85656,24.757188832388888,3543,8080,0.07335979931671292
Benigno,50.7103083864474,0.10938739926434514,5220,25.25498256285438,15508,80,0.15660823236194413
Benigno,125.07988851938622,0.1353447940542586,57278,16.839233380143412,6330,80,0.052091426783847095
Benigno,158.88270748151422,0.295091777531849,26822,47.29455819907825,8294,8080,0.16905446083119396
Fuerza Bruta FTP,356.9434865615254,0.1804390568679926,2091,98.54113387574506,52025,21,0.0723382245728012
Benigno,60.615569487920354,0.2535822464779032,37922,17.432270019333348,7296,443,0.141602166383927
Benigno,181.92070605570456,0.13589955944158763,43082,39.83814021937247,24907,8080,0.09530396851051186
Benigno,191.25159525674084,0.3549176346371735,67982,27.422921489795336,25429,443,0.16680139059579435
Benigno,156.58036099707806,0.2824341807848446,13716,35.22044565167552,23292,443,0.06593613145277
Fuerza Bruta FTP,357.199465403377,0.06544805960266184,4528,74.57796187857195,49423,21,0.01967079797290129
Benigno,176.4851698187125,0.11176915754732311,13194,30.057432361314063,3306,443,0.19631916258851578
Fuerza Bruta FTP,421.7977199012486,0.06896857936731951,4257,98.65017574066522,41775,21,0.08200273717092654
Benigno,70.60781931283381,0.28023912387293926,76911,49.10936982559538,3447,8080,0.0988948892557651
Benigno,100.56575080309415,0.25159980016484484,43244,10.011090653412191,29036,8080,0.16646461576994803
Benigno,149.18561063004933,0.40668986843279464,64706,13.584201621537941,1726,80,0.09007357415050792
Benigno,82.18920623948273,0.16620970850261646,21165,45.24432514758976,3387,443,0.10196939249018064
Fuerza Bruta FTP,460.0291558747741,0.15059732561763373,3518,89.08847373131829,32922,21,0.03489600219365254
Benigno,81.43557187234799,0.2669118022704118,90216,36.895822354088125,17447,8080,0.17370115261387103
Fuerza Bruta SSH,323.7633815679115,0.1504683735537783,2069,51.84174586483698,60031,22,0.09733982539536418
Benigno,158.15437756748742,0.28557330545929066,67655,19.858772353047986,27904,80,0.1565463760224241
Benigno,109.27056444566291,0.29770179418833775,43032,22.246834922029343,13607,80,0.06252394523783224
Benigno,147.65008364681722,0.3743534098487866,70751,10.785332540009183,7834,80,0.11489544955350292
Benigno,181.2867842194335,0.39632859518957886,86159,43.12228533925876,3559,80,0.11569725837272715
Benigno,185.86785528367056,0.4661603101917876,75115,12.35161867564572,12760,80,0.13694392917619008
Benigno,178.02941066515132,0.21556937999641468,16451,39.06117892147605,27222,443,0.1712015068036568
Fuerza Bruta FTP,486.6259403345805,0.19721078721135238,1961,109.22866419474764,60289,21,0.014028461697156776
Benigno,122.16170006462126,0.23082928897910526,68398,11.273694534072245,23483,8080,0.09818059067544405
Benigno,150.44524190212564,0.46417611768631495,19341,42.38331305436547,13700,80,0.08788227120785402
Benigno,112.03032102733172,0.34227601715396316,30936,17.229180815651077,25231,443,0.173979714657232
Benigno,64.77827554735734,0.2708404164823732,73035,29.505278624709305,8915,443,0.1641545251900402
Benigno,140.27329923092614,0.2631621641025783,90557,46.093320484031636,10422,80,0.1251175218501041
Benigno,61.19555253499544,0.24287718819465157,96745,33.41456775762728,23522,8080,0.1473919690626015
Fuerza Bruta SSH,347.54626718662234,0.1846465457841585,2822,56.63671943179456,43671,22,0.09136035289611875
Fuerza Bruta FTP,479.34532249834166,0.1074954898066694,1889,106.92767377992115,62343,21,0.08308657640490316
Benigno,94.59928201703939,0.2640759923974172,36209,42.720401821532555,27806,80,0.06874971260471412
Benigno,100.0652431548495,0.11117911854790888,19215,21.54927999518423,20874,80,0.12998125295606022
Benigno,189.00870395092525,0.16566632105550086,55236,36.33490776522079,10386,443,0.18879248532194765
Benigno,170.15576986272907,0.3187391552223298,65004,36.886884401640266,14612,80,0.17496970806090117
Benigno,169.2129129394433,0.16925802734722872,31350,48.83614873508438,17746,443,0.07033092450000478
Benigno,166.9171861374819,0.4922082788156462,41452,44.89717389510157,16231,8080,0.08025130113634689
Benigno,172.29767329271806,0.4505624988414926,60700,13.309459646346827,9508,80,0.14468485977687398
Fuerza Bruta FTP,384.69225370911414,0.10273329336744921,1209,86.27857651903861,39656,21,0.07544658118386269
Benigno,159.55798738432168,0.3995529461550962,93210,33.52618332236631,6811,80,0.15104827892833184
Benigno,152.01663444823504,0.245165722696599,55778,22.25729070345602,8017,8080,0.0518158186265076
Benigno,72.45388919180363,0.27366193853325604,36124,14.747851378467217,28580,443,0.14568536257899067
Fuerza Bruta FTP,445.0956897707033,0.10738986042913547,225,67.05808227009085,41113,21,0.018514775032535034
Fuerza Bruta FTP,428.7700108082353,0.18281556040489094,613,61.97735780638814,60930,21,0.015553929314709915
Benigno,153.6445332267101,0.2946605476726868,82164,10.847069080241468,28995,8080,0.08587723747062509
Benigno,186.14074510526726,0.4257387198366184,6113,36.83641713733554,10662,8080,0.18568491884624455
Benigno,148.7460049704307,0.29579131909688705,43786,40.30971332579661,24773,8080,0.07346111859200205
Benigno,137.9244946653294,0.18085502818356655,62263,13.82668942419687,3234,443,0.14941127259516573
Fuerza Bruta FTP,467.4284770009936,0.1891645841878089,2911,71.51480485043672,34197,21,0.040274239865435976
Benigno,58.80563455522624,0.465836620624409,18211,43.63498504918325,3300,443,0.1993489513463213
Benigno,147.09474409043224,0.33864403502262924,32743,16.80513636246399,5482,80,0.08785503274978913
Benigno,82.45603849746593,0.10743020879117902,80244,32.422286285376764,14204,8080,0.06942758857230269
Benigno,150.37019840166084,0.3681232838017273,79352,45.170106678659096,1438,8080,0.052872215807504216
Benigno,85.6747108026585,0.1484779759698041,10912,21.144197292022326,12047,80,0.09258025388013981
Fuerza Bruta SSH,376.39290836411567,0.07262856820357542,1325,54.815210809401464,46021,22,0.02584071430926091
Fuerza Bruta FTP,394.30359375357386,0.05761208089935872,3534,70.73821109699092,50322,21,0.07640966455371268
Fuerza Bruta SSH,384.2235528190329,0.10611360521303372,4845,55.34056025114383,33706,22,0.0750438242256494
Benigno,130.0257124371594,0.4355286236898043,81397,34.97986218713861,23445,80,0.09462502982400928
Fuerza Bruta FTP,351.2391538587947,0.15214921222092825,1339,69.57244971728943,36373,21,0.053199041772766215
Fuerza Bruta SSH,331.11734548785074,0.13975839867817663,968,72.63441448681692,46440,22,0.018387634173399264
Benigno,100.96167056105614,0.37944783859181397,58719,27.250455776728685,18022,80,0.18776986406777973
Benigno,74.3140533414188,0.49887145098129415,31596,10.73254065634619,2865,443,0.11014451890794116
Fuerza Bruta FTP,488.85905982577907,0.08068016436510085,4794,104.87187224852934,51089,21,0.011143765754562664
Benigno,103.37538193034078,0.38812134178128976,33798,46.84385890820582,20393,8080,0.08149035054629268
Benigno,143.6641454249314,0.20267617377776326,33230,20.73000426596305,3777,443,0.19628595518201286
Fuerza Bruta SSH,427.48778170451,0.05164813325905948,2508,95.0385841554999,63221,22,0.04108099878879724
Fuerza Bruta FTP,497.60115087693873,0.1839017748757409,557,117.45435988273877,62895,21,0.027793411272875823
Fuerza Bruta FTP,409.3091734488565,0.1326258944193495,3243,95.41686829925024,48626,21,0.03717729747950276
Fuerza Bruta FTP,391.8194483688221,0.1757741578539228,674,99.10391443900647,47723,21,0.09074091441543904
Benigno,191.60317375254598,0.30696845631366865,76915,29.270639349109395,13437,8080,0.06998703639378827
Fuerza Bruta SSH,305.69811963376753,0.07833084839983352,1727,52.873136104280135,37985,22,0.038369367601193895
Benigno,102.53949815068023,0.1508938599621785,26745,20.207678607841032,11676,80,0.17916187143802476
Fuerza Bruta FTP,326.1603626562308,0.08098462017805719,1788,53.51581636967437,37701,21,0.030937787707835583
Benigno,167.57899234020138,0.15510182203961193,62982,41.195297994106625,4240,443,0.17687462424023093
Fuerza Bruta FTP,459.76530526248575,0.10556129299126323,1425,75.24709998450996,63513,21,0.06838025510975711
Benigno,150.81172570722578,0.2682579846926254,21966,18.199942000487887,18916,80,0.0528651234335481
Benigno,149.96399866496287,0.3358843758041825,88758,46.62799237169291,1155,443,0.09945272223273194
Benigno,180.25137998872964,0.35967740706762286,5990,21.646468851900124,13537,80,0.0750963333992353
Benigno,92.80144347150191,0.4018659163352236,7589,47.950253251143636,5222,8080,0.1327695983999111
Benigno,135.53959998405162,0.4223733754723791,92735,18.325673295875163,24908,80,0.16373741291801414
Benigno,197.6550027502707,0.2741137539707608,51638,10.209234282177043,4690,80,0.161095192433667
Benigno,64.40747165785923,0.2110826927342112,60579,48.78662077697064,12599,8080,0.1688378692032109
Fuerza Bruta FTP,303.3515513219594,0.10468436992247454,618,55.92034760275177,40637,21,0.041911375223042724
Benigno,155.68550537994446,0.31960301076942044,80626,32.208778581756775,22970,80,0.09596263245453301
Benigno,196.3551896032538,0.41375004442585384,78093,47.04478704520794,29215,80,0.14287491683387982
Fuerza Bruta FTP,301.72026429951677,0.06578822611997226,3240,80.87511097179674,45371,21,0.034406345556532596
Benigno,150.2129383598741,0.3923930816825275,85554,13.84532194407515,13702,8080,0.1976559556328945
Benigno,84.6659577945836,0.3827137765111389,10660,27.808807574445844,20624,443,0.06717385852414945
Benigno,112.46712397277474,0.24356854217887994,82579,13.691682340761183,5325,80,0.12674066786718086
Benigno,165.5115610958487,0.45672891055339415,11049,22.857020333556104,20353,80,0.08114182669100792
Benigno,183.5320809188356,0.32048966851761096,52516,38.16936056313628,25321,8080,0.08820614451979203
Benigno,193.0495829934837,0.10184815302223105,72450,48.234114800678284,12887,80,0.10858717893976488
Benigno,94.77471819301687,0.19818715620949426,11311,43.39650950907502,15124,443,0.06075295971258397
Fuerza Bruta SSH,384.8754544167675,0.17874956389649482,4116,50.45972542683854,43590,22,0.011158660507562538
Benigno,98.14167229346373,0.29172881819756574,52711,22.21472018473353,22224,80,0.1069219336418561
Benigno,186.93802797030975,0.42398373433666137,86258,49.86440519969327,23999,80,0.15541345487965097
Fuerza Bruta SSH,314.32638158018057,0.10182042513382396,663,69.98996465197934,40805,22,0.03382895598057903
Fuerza Bruta FTP,398.67189747018136,0.18332097211692183,678,114.32066618389807,31484,21,0.08108969627596942
Fuerza Bruta FTP,371.86167172940407,0.19781895838270885,3121,88.62330064954122,52751,21,0.0958220465187738
Benigno,114.1862901258934,0.2216485581557778,5128,35.650316237056316,20633,80,0.1505790044866508
Benigno,89.27693340409328,0.12502961023893777,37195,30.546475902680214,14990,443,0.06918109480442396
Fuerza Bruta SSH,308.9543124873155,0.09989765291605066,2740,50.84428392513326,64386,22,0.06812735230730868
Benigno,115.5565931299342,0.40411876582627904,6125,35.75955787057323,844,80,0.102727193007156
Benigno,76.44803595963225,0.4428742756013483,38973,44.62284316531126,11431,8080,0.061009076009154825
Fuerza Bruta FTP,480.76536811227953,0.13636349853868274,1331,69.62588914451302,62853,21,0.017112885557546222
Benigno,125.37533426136898,0.4458564223193605,19766,13.655978995763594,27775,443,0.12352625593063286
Fuerza Bruta SSH,319.8503306351072,0.0821658596301543,3174,107.2331994146918,48614,22,0.07606324121515567
Benigno,155.32280345588885,0.4425155222631322,21420,12.062912822937047,20099,8080,0.0878824766646985
Benigno,54.00558443294913,0.32083156764863957,85221,48.27383265695401,24788,8080,0.08432167439925803
Benigno,59.72948285572681,0.19293988154461564,50734,15.43802500550711,4961,8080,0.17982322768004466
Fuerza Bruta SSH,467.83587765896016,0.10017717154733202,1582,66.98218948299193,49660,22,0.09347675437068971
Benigno,177.76027154049922,0.3731837157334935,89191,33.84165233665756,6724,8080,0.11583939256908148
Benigno,145.7309969581692,0.33606361847473865,56736,17.71237910413046,5288,80,0.06364996120426704
Benigno,159.15063215817503,0.27465837567298856,88812,42.5792196939256,15458,8080,0.17522808555465824
Fuerza Bruta SSH,433.2703038780108,0.09878299875206228,4376,119.16503032086494,32297,22,0.0429500643067891
Fuerza Bruta FTP,422.4807395721894,0.10070912270059018,2182,110.72435417842038,60923,21,0.09679441631661465
Benigno,187.19116609219802,0.2571272771292472,9310,39.82983399278494,15197,443,0.18080245253874622
Benigno,115.4767733438944,0.20010679328832187,61255,12.420921826809082,13872,443,0.14661746224306532
Benigno,148.77502540561426,0.21266688245479426,5387,27.31340171791363,5288,443,0.16299401867455812
Benigno,119.37695800810324,0.15693132004684768,15282,44.412455042096724,1944,443,0.13701288287405594
Benigno,89.38107520140827,0.16041299392399538,22708,25.813941629554805,10016,80,0.07156813588589964
Fuerza Bruta SSH,486.1006033491444,0.12385509126261396,1661,85.93323996618659,48141,22,0.06788462975966315
Benigno,50.10460364087175,0.4709060351748283,75630,29.446929755185455,15360,80,0.14608452870517996
Benigno,155.28476162698374,0.35709662465203296,11010,15.774540733477775,11448,8080,0.13165482979318036
Benigno,198.85997477222938,0.2738441452752357,21432,32.626430353183565,16235,8080,0.12116810182857633
Fuerza Bruta SSH,470.03724110433825,0.12738290496300061,738,108.21077897928282,53137,22,0.07737993964124239
Fuerza Bruta FTP,453.29120300640545,0.18621221628137952,4505,97.17480787611485,49193,21,0.05367814304238625
Benigno,178.52826238613292,0.2300632815017643,35495,33.137190614128755,26338,80,0.11174104398513404
Benigno,187.32218210746504,0.23967851111375757,39265,23.69964899441815,27405,8080,0.19131617403002849
Fuerza Bruta SSH,375.01441939911035,0.11057279016650304,1624,71.35146145687068,50029,22,0.04471546622407031
Benigno,173.5662718425982,0.42541012482304175,28353,47.18878886903844,20281,443,0.08684663756108349
Benigno,161.05777003236324,0.2361589567575552,75463,48.6594763568711,24184,8080,0.14148529193524714
Benigno,60.171707444789206,0.2823802944559022,93636,18.4798566732446,13316,443,0.0915652000152078
Fuerza Bruta FTP,453.1894486134206,0.12470250229271673,2679,73.45909895984316,59846,21,0.05818378542101657
Benigno,190.24901301226083,0.30397935850450186,16839,19.133254598098453,24108,443,0.1319204546193497
Benigno,119.8994872844665,0.3097595960412276,44249,28.548197658566387,10270,8080,0.08985876574280095
Benigno,119.16593290647417,0.24969949188546306,45105,12.841108926038052,17177,443,0.1781935176991029
Fuerza Bruta FTP,304.41778991606134,0.06499125597519753,4501,105.88059612546613,60660,21,0.030861274479425174
Benigno,129.35418926533924,0.21250048411064376,70628,43.08736504523114,26909,443,0.17233712667301404
Fuerza Bruta FTP,343.3103340300172,0.12826849940155302,2917,102.7374813797553,33712,21,0.02493934724496598
Fuerza Bruta FTP,301.4547927815275,0.1312638761879031,3933,101.5941566883089,30715,21,0.04175637281607974
Fuerza Bruta FTP,315.1201887883854,0.14341010721757436,4457,67.63012524486305,46052,21,0.0707167626091469
Fuerza Bruta FTP,347.3058008933358,0.11491668907318378,2417,73.61064470864768,34727,21,0.044608141664043414
Benigno,56.82399908634827,0.253720236554525,72147,26.30126398964083,2728,443,0.19113166095075634
Fuerza Bruta FTP,491.4342696660176,0.08841780920627448,1536,54.21057359989595,34426,21,0.057708544871493295
Fuerza Bruta FTP,366.7174294909165,0.14378341842244308,914,68.72312510089112,34521,21,0.010199608565458013
Benigno,131.089432052767,0.10379659676820299,9247,28.646892313220963,3341,8080,0.1354208626517867
Benigno,127.64007660743738,0.3902594261352136,57379,17.478056439123883,1957,443,0.13748352234781824
Benigno,75.35279386979315,0.2881454637669774,73313,39.1428034004687,20882,80,0.09269310259930483
Fuerza Bruta FTP,396.4948809445606,0.05895317744467099,2331,95.82224019323291,60202,21,0.0482659076325443
Benigno,79.94257959435026,0.2436474458203005,15126,20.751884909860948,26051,8080,0.1933093611492283
Benigno,50.20929583764727,0.4906549766086973,58878,30.334643219445958,13800,80,0.08490168757619657
Benigno,125.74862965417832,0.30618803854766474,80005,16.785314217731177,5729,443,0.05751412768381242
Benigno,79.71460093348159,0.2902901103453559,86917,34.105922906337966,27479,8080,0.17085019102448373
Benigno,87.88917893047217,0.19157862786957788,20227,13.944680829231327,15112,8080,0.050785669151935
Benigno,151.27596941316443,0.13895325448609241,52608,12.201367784145635,20976,8080,0.19727425882346006
Benigno,74.52283582446911,0.3664392970782451,5364,20.855936531356036,16321,80,0.08016624165124597
Benigno,69.68730474029748,0.15432200762481144,76132,34.62034688801472,20601,443,0.06643215209630696
Benigno,99.18491758759254,0.4677913086000991,85318,48.21117807562805,12191,443,0.050964845334389594
Fuerza Bruta FTP,458.2143716648696,0.05066230795856569,4415,59.635293761537795,56582,21,0.09692344573747959
Benigno,193.6739801328946,0.4679875964132413,89136,49.87397928986891,26510,8080,0.16641641195531953
Benigno,68.50563990512762,0.23909305825498428,94176,27.412089563201974,2675,443,0.18652939605344576
Benigno,64.00638830753121,0.43730267130022427,82901,24.792116310871425,29838,443,0.17785448523095743
Benigno,78.48444894105111,0.3869752493464479,69550,17.85131989463718,18791,80,0.1388772681554605
Fuerza Bruta FTP,307.55221898462383,0.14833436217538767,907,83.00768868883382,34150,21,0.017609283365483137
Fuerza Bruta SSH,488.0440282901029,0.1831991289462685,1416,119.01294981553669,65520,22,0.03575449999016165
Benigno,189.64079751479292,0.29212033570162743,85622,20.79925897952638,14341,8080,0.16138281153041475
Benigno,50.54367845016411,0.3023854584680117,14869,42.34213355013991,7560,443,0.16490744939013927
Fuerza Bruta FTP,302.1356609701422,0.19658153060084932,4562,115.76194137705137,57093,21,0.08093484350705796
Benigno,180.58180534959553,0.44219342425623676,37234,27.450874626381147,25437,443,0.19689214941172345
Fuerza Bruta FTP,498.0962019694347,0.14804943889812067,3718,56.53043620432996,61423,21,0.04760892091244749
Benigno,178.2375480539501,0.32748088214725657,24748,31.764126894336382,19576,443,0.18754039461699445
Benigno,128.24427479698895,0.4412369396646941,76247,38.45779549457191,19745,8080,0.08048723652775977
Fuerza Bruta SSH,474.4742550924816,0.11699891196698979,4269,97.19872231017742,33874,22,0.015024949429052397
Fuerza Bruta FTP,485.239062151727,0.19136464841097156,2315,100.93908757483382,61589,21,0.08476609677873484
Benigno,121.80977433341218,0.12089447547570593,26426,49.72160723563891,27132,80,0.12525361656040285
Fuerza Bruta FTP,493.23780000361455,0.16305102027791027,2182,87.44442497546994,60085,21,0.09488335187658119
Benigno,50.0531635007126,0.2846182371405105,15193,39.179288221827576,16078,443,0.08662750388406348
Benigno,78.11109923019515,0.47636721093643586,87804,26.002259664697917,2477,80,0.1503892952459124
Fuerza Bruta SSH,495.38917934203516,0.12525057769021786,3903,103.3280511040697,41211,22,0.089318814915589
Benigno,151.22929249771892,0.45245292075830745,63612,34.18194305160379,11046,443,0.15465274551814534
Benigno,134.0547308040395,0.14146064438890443,16738,26.08146864492391,700,443,0.19243984864905705
Benigno,192.01171779476792,0.33772192042930804,50825,32.757880535327494,16946,8080,0.11782966400560686
Benigno,199.76904046715293,0.40228888560562515,94430,43.78692665533209,846,80,0.08373995636832808
Fuerza Bruta FTP,417.37368378301494,0.16399504547060145,1533,67.48544987254847,35753,21,0.08398888477970487
Benigno,64.86564738754558,0.1750036372643368,87802,41.889888930323096,23133,8080,0.06401642811865593
Benigno,139.38192210302702,0.49297243542930524,42303,39.511105904057366,24758,80,0.17774406120310848
Benigno,173.65296350817846,0.18627751604888565,86345,47.76373737167016,18839,8080,0.17593610020607747
Benigno,131.94177779505367,0.17879087150476175,85972,29.123529949380927,16207,443,0.1962486839830151
Benigno,192.45008378292755,0.3554762459922368,70990,10.40818649828867,29366,8080,0.09867818481986174
Benigno,119.21483301191661,0.26929409761146805,75223,37.93610070593259,27850,443,0.08216621134881757
Fuerza Bruta SSH,459.4412275782223,0.15577688255730554,1531,80.64546370302209,50362,22,0.06752493782468788
Benigno,105.11687033765823,0.11273385294143479,66163,29.89436890354029,14788,8080,0.1724321856198448
Fuerza Bruta FTP,461.80081181998423,0.11170730542348103,4236,60.7693819830871,56483,21,0.055008566118029636
Benigno,81.92059158588498,0.41299766647953884,76357,49.595988209172,915,443,0.11490808359120121
Benigno,69.58545340075452,0.4991014926170173,38277,23.930550411381883,8564,80,0.1739144723494813
Benigno,193.55767372692182,0.16916119802487384,17470,18.093411116601207,21801,80,0.12394972373490497
Benigno,173.25610867455381,0.19151957826971164,95601,40.76120488079923,26176,443,0.18048290683802365
Benigno,54.41905321111496,0.15766853199017083,20828,18.33772917971473,17462,80,0.16817764335586569
Benigno,84.47345142524958,0.4483093526828721,62439,47.06532282128102,26922,8080,0.19556007543837917
Fuerza Bruta SSH,336.380346869405,0.18725697201706298,1325,75.43429970721863,45260,22,0.023235662404714027
Benigno,76.55662902095489,0.13979656336553437,76250,11.484418783851616,19423,80,0.05233140540033672
Fuerza Bruta FTP,452.92442894301576,0.13983931250213102,1770,92.15907814541788,32611,21,0.0675861495331067
Benigno,198.97556760585024,0.21337331575510948,66013,36.78312999538463,18418,443,0.0568592909243104
Fuerza Bruta FTP,395.30918994001877,0.15295318725841495,3316,51.630366897638226,57263,21,0.05418279564576033
Benigno,88.6924303582361,0.2043043892547805,65861,32.73046133993158,27302,80,0.13359998415158206
Fuerza Bruta FTP,439.65348363287995,0.10102557645069027,4588,55.04556050631377,37622,21,0.0782669449923729
Benigno,83.60964586987534,0.28063385082044745,49307,21.958007075247124,26448,443,0.07886950051687619
Benigno,178.39639675548509,0.4824521470073114,9506,28.47385186251242,21681,80,0.17025664354159967
Benigno,186.5572835166824,0.1554465967045231,5158,20.60720045508138,27865,443,0.11514907424807774
Benigno,113.58026659127384,0.4299798773265535,9901,28.711295515916678,8742,80,0.06247142284629187
Fuerza Bruta FTP,422.7369991329671,0.1360454514766523,3791,73.46401017859895,32591,21,0.0754578433348134
Benigno,91.37322042274417,0.4559818917870154,81115,35.010825517201376,29712,8080,0.17853977135643884
Benigno,68.38362942889577,0.15879050735053332,87791,46.55742376395744,25101,80,0.18734661754388826
Benigno,75.8178138816206,0.48389050591603466,52369,19.954386532572556,7944,80,0.0857158902589159
Benigno,56.99455779019584,0.1920681166138868,16251,13.14263272945723,7331,80,0.15050416779673825
Fuerza Bruta FTP,399.62896393234195,0.05268671650708864,296,61.77583673099187,37691,21,0.01635969753588106
Fuerza Bruta SSH,343.31411699480554,0.0648146616461569,2496,96.12986289200552,62494,22,0.04876033941017478
Benigno,112.11793212481035,0.46409384496516115,69692,11.009047158028231,15413,8080,0.17364275269564086
Fuerza Bruta SSH,451.6963007543819,0.10473567739146913,2817,82.13060275077541,62310,22,0.09543644839560377
Benigno,160.14009226226642,0.18875037801654734,80851,30.53903040980434,20840,443,0.12340773780388421
Benigno,121.85681612623512,0.2417238001402022,27122,39.49870050014453,14489,80,0.08788072244958547
Fuerza Bruta FTP,460.34667633316485,0.07336525394191175,697,86.52651704728981,61241,21,0.033269356723514484
Fuerza Bruta FTP,361.2553795229051,0.19226719519632024,2530,80.6817591206053,47476,21,0.08296643149588553
Fuerza Bruta FTP,306.58790069227445,0.13312608819930433,3501,113.02828908175647,54463,21,0.019810038986241015
Benigno,172.8907276283893,0.10518239759879214,90001,20.155377968532452,22103,8080,0.05172286237324214
Benigno,151.81254030582988,0.3998817251381598,25231,24.105620111343637,18052,80,0.10324287057201875
Fuerza Bruta FTP,490.48189267111707,0.08394607572409049,2621,56.53902050959114,62766,21,0.08078275234467268
Benigno,82.43027551004636,0.15125280026525842,87205,37.742797126321044,15976,443,0.1533950837229177
Benigno,83.21661271014253,0.3477368089487718,95969,43.951573918053555,24512,80,0.05822398172953337
Fuerza Bruta SSH,464.31380062111816,0.10011345323806756,1387,98.16731756641079,52466,22,0.04947422346666477
Benigno,180.9268565992612,0.2808212047912194,79556,34.42753505479661,22936,443,0.06837937873820789
Benigno,170.61352743818156,0.4728126384378947,35643,28.412348534134036,13807,8080,0.06809805799107929
Benigno,100.36986141268088,0.3064623500047834,99793,38.06495814579443,6711,80,0.1545113114090358
Benigno,117.93972824606375,0.23043670423517068,7981,15.047240562509971,13937,8080,0.06335559335883396
Benigno,176.97309800426666,0.2715779454472478,35298,25.15285878603003,9398,8080,0.09446223186768163
Benigno,94.79014825266077,0.39492092542514945,87091,15.459243818688266,17355,80,0.059235078836505195
Benigno,180.75228332900994,0.46952975832818566,28414,40.86092834576807,18440,443,0.18785307263966172
Benigno,94.85314126225683,0.10995186730451545,29965,22.225262269398716,2026,8080,0.11459025044729437
Benigno,73.24183225846718,0.17983279918332462,77983,30.427835643980778,10574,443,0.0885748694420093
Benigno,104.86899730397337,0.3366246192370289,39352,23.80411816184261,2658,443,0.16014791669365877
Benigno,140.76319998504124,0.26088570913763176,89999,43.01881660048278,28164,80,0.19005034043921176
Fuerza Bruta FTP,490.5073734119644,0.08983894704419763,869,71.94761925725938,32133,21,0.04476626135633919
Benigno,179.29456337752322,0.33475038903785936,50877,41.68973003447822,7823,8080,0.05317189541006234
Fuerza Bruta SSH,437.68320536322625,0.13143074706393365,1785,109.91106504754421,32095,22,0.09832353261501726
Benigno,123.65179194432046,0.2424881700906144,77263,44.347579875658624,14546,80,0.12652514236162019
Benigno,145.96416039430974,0.11268813702511543,96212,48.10498145204923,8063,8080,0.1278732358590695
Benigno,168.8156394522898,0.3794410677289869,31477,31.097328061315434,13000,80,0.1529161037123844
Fuerza Bruta FTP,414.5827359514342,0.05086190895464047,2899,119.80107846279822,44848,21,0.08576228662173435
Fuerza Bruta FTP,313.2263697396246,0.09658167700599782,2925,58.67219172787494,42907,21,0.048848805293887104
Benigno,79.54785448411047,0.48848841558335476,70489,41.56711570647977,16778,443,0.062401035396355845
Fuerza Bruta FTP,469.0781191208107,0.09331266053460498,431,92.58296819709972,33747,21,0.07572318067953561
Benigno,194.2898072177534,0.48405855601963765,27296,15.485857978006043,24458,443,0.14116123999506838
Benigno,110.73391771563598,0.10422084465379018,79920,12.032096786845452,27504,443,0.1814389782771857
Benigno,104.95818632948549,0.1640825949338253,69816,33.40729671563009,12687,8080,0.08659873676051093
Fuerza Bruta FTP,423.18675704612974,0.10871748640136282,3528,56.282341357873406,42533,21,0.03912509128946195
Fuerza Bruta SSH,448.80346645708903,0.11363846757461223,2998,107.49088585820795,42215,22,0.03236813256690669
Fuerza Bruta FTP,427.4352084030656,0.1841040543757511,4053,62.96711273461981,52948,21,0.053689993531449966
Benigno,86.31015458585975,0.2762148945999685,25430,13.317058498044227,10403,443,0.13714300972852128
Benigno,63.18576245797292,0.31548673312502507,24903,37.90301351240242,3573,80,0.06915640484701904
Benigno,144.21301445399212,0.11290491590416614,10358,49.833610941908645,18304,443,0.1256853123590334
Fuerza Bruta FTP,415.4139367113155,0.14096286336449837,2659,116.6329583905774,62889,21,0.02459845102483549
Benigno,165.78988068611625,0.1919630756798228,25631,17.124445464785225,13494,443,0.1635740170953769
Benigno,135.54644136168815,0.31327007325304,92851,30.729702166120138,14106,80,0.09213925028417752
Fuerza Bruta FTP,302.29764979739895,0.08772410181225337,2038,58.13416103307118,64793,21,0.07374221959104295
Benigno,164.16532348674258,0.4432722731752604,24692,47.38856203058593,20664,443,0.1567865342607738
Benigno,173.71863523443926,0.2536998560612148,34845,34.28226581403716,16485,80,0.10494100014042637
Fuerza Bruta FTP,446.65897733148563,0.18747464064438962,1187,56.33681748992636,31960,21,0.028981651071831226
Benigno,58.151581650632096,0.11146643482681783,58187,31.89805058683995,19708,80,0.14792083763210123
Benigno,150.1433612245333,0.41102440620655145,60959,26.80863702586465,27158,80,0.11598293164297942
Fuerza Bruta FTP,478.8855101627625,0.05535683712002367,1935,100.93842292110591,34148,21,0.03728326550197386
Benigno,131.36676910920016,0.33661068263374083,49234,22.35175895169988,9493,8080,0.19322110980417118
Benigno,187.8691014736271,0.22153864738068685,98753,10.622421638305068,11137,8080,0.07039772647916483
Fuerza Bruta FTP,397.4461151857589,0.09845657487232505,2892,114.37997550621503,62275,21,0.07318524485979667
Benigno,179.52390761735538,0.44965026430057853,51052,48.2006797049431,11224,8080,0.16914577103890432
Benigno,70.81059144004502,0.25313045577492793,13269,17.192743780815313,5154,443,0.19469167564083834
Fuerza Bruta FTP,474.98735574191403,0.1898564136752221,1008,53.99771886374006,65098,21,0.04401981726420146
Benigno,87.85306805790624,0.22825024597296717,54447,45.25589170767892,15918,8080,0.18202041341877756
Benigno,180.63236676272527,0.37071087194382824,7223,36.09505454662326,2667,443,0.1280368662548938
Benigno,108.76572330098183,0.3622933617193218,66123,23.489671687518676,1908,443,0.10757038006939629
Benigno,199.50098112318494,0.1842980772019232,71167,36.860531572853176,17065,80,0.12213002429417319
Fuerza Bruta FTP,395.65841539025394,0.1176160003349771,689,80.28340365336494,55669,21,0.020474271665195443
Fuerza Bruta FTP,361.5803508274662,0.12999690160980848,4064,51.06134945000938,37907,21,0.09795557383086675
Fuerza Bruta FTP,381.53981581536146,0.16389191274985065,4598,106.06514313056519,55697,21,0.08947256646877294
Fuerza Bruta FTP,324.18160184472816,0.05212146032592447,2735,101.8873918264312,43036,21,0.011670687819836007
Fuerza Bruta FTP,321.73098704979964,0.120257697959962,1850,105.58784040220773,47283,21,0.05239964836910646
Fuerza Bruta SSH,437.15994736633047,0.11023166111119327,2897,52.52765004811149,56197,22,0.07826452217969875
Fuerza Bruta FTP,406.2913616465163,0.0763743111912955,145,77.41834708988513,55491,21,0.08820945007168922
Fuerza Bruta FTP,302.008236209352,0.12327045293557773,1759,84.20282197397346,56770,21,0.019568079221634026
Fuerza Bruta SSH,381.4340785025045,0.1806373230223947,1204,71.02150858079314,60260,22,0.08406486115191612
Benigno,53.59191241471439,0.1847032123499903,99576,38.73982689378836,5365,80,0.09811542080110078
Benigno,157.56245291836342,0.4621935456870597,14326,12.742499853195541,8203,8080,0.1514291619301873
Benigno,124.14798607319472,0.2874127095840575,42252,34.29227688561942,29613,80,0.1701360385948395
Benigno,189.43150985422187,0.39503734767094467,83451,41.847704022073685,7404,8080,0.07012677439201578
Benigno,52.994363966277334,0.36644879152130205,11646,28.403762962147088,9645,80,0.10296463613545505
Fuerza Bruta FTP,387.11145053632845,0.10843248486936144,236,68.06476339006902,46653,21,0.09960776089694512
Benigno,181.4641117184427,0.4125096829432816,91384,48.035886255972116,29205,443,0.05338606619871983
Benigno,127.98773938953939,0.46416343073670996,76933,20.86615619776762,27653,80,0.11275953206469327
Benigno,176.29288835146355,0.26195323313838303,22605,24.024627357557712,24455,8080,0.13866120836582552
Benigno,180.07899067305766,0.2558039064417563,29061,12.80156346666618,24808,80,0.05104629229004541
Fuerza Bruta SSH,325.19686664271495,0.12030024344502643,3633,67.92167472142017,65357,22,0.08736371157171494
Fuerza Bruta FTP,302.86700627962773,0.18346019088860266,334,84.05506786036985,37156,21,0.05233430148346552
Fuerza Bruta FTP,441.99062959721897,0.17621320010897806,3467,83.65030744275145,38458,21,0.0752685437001234
Benigno,168.37116511449074,0.3434087373575319,5790,20.602964455867628,6541,443,0.053832482239221796
Benigno,153.468631112347,0.13145731254379178,95733,12.99895617220955,1034,8080,0.09828762630572345
Benigno,149.10954618461824,0.21636440626989673,29825,26.314669421448666,3327,8080,0.1029808475628986
Benigno,103.00960599908709,0.44982643608012596,68205,30.530899907275884,25293,443,0.16709616634194252
Benigno,157.70345779396501,0.36478520420562577,49161,44.906818352881494,7662,443,0.10833129146455142
Benigno,124.03764719280059,0.148186769557669,20120,46.96568713836967,3844,443,0.18878353668840886
Benigno,116.04599311959193,0.11979191366359757,55542,26.940917490317688,7210,443,0.17068845443306227
Benigno,179.2605107223951,0.29278455151637606,76541,37.10793268332417,8865,443,0.08526417661448296
Benigno,118.00471756059594,0.48435984698463386,74165,41.64223577773738,6895,80,0.09604270044688212
Fuerza Bruta FTP,405.9454705502599,0.1460982572269786,327,55.75234904870078,39861,21,0.05405959065482554
Fuerza Bruta FTP,494.90318152163286,0.19217119940031951,916,59.76216987747675,50023,21,0.06232379901378165
Benigno,60.277626981637425,0.322730384719089,68125,37.23795848534016,3780,443,0.16667614723420815
Benigno,176.9154316918575,0.11815494681390892,45739,21.568563747726852,27233,80,0.14356597974486116
Benigno,161.00288445784514,0.18245912091218003,89558,22.92984012148514,1718,80,0.16020324389398832
Benigno,187.6111681823115,0.2816340384083228,81974,23.009430530347956,13630,443,0.07834791939031817
Fuerza Bruta FTP,433.7021731803155,0.123868886071227,1860,90.65306812415447,62767,21,0.09337442654566427
Benigno,159.43841477090234,0.18376741885086859,16964,14.708881524935808,4340,8080,0.056419718855532805
Fuerza Bruta SSH,342.0726411059747,0.06644816431920503,2309,96.22000273040429,42200,22,0.05816468325897743
Fuerza Bruta FTP,419.8901112131814,0.051705040760911945,1417,73.16992580305761,49042,21,0.09962321144987511
Benigno,141.19420094492665,0.3768167440794091,86104,22.783308909615748,11244,443,0.06297935012921763
Benigno,140.37324621565062,0.1546975334945473,40309,12.473201648997838,4155,8080,0.1478597314928563
Benigno,167.71627955942807,0.3439582792081657,38358,44.52371601053716,23181,80,0.1014099467577495
Benigno,166.1391869569697,0.286560243650321,35870,21.427637594475396,17939,443,0.07865971388177434
Benigno,88.53021835434129,0.2752905276168458,75908,34.22817786026662,21669,443,0.12237560701050605
Benigno,54.30622571364639,0.38677539258078286,91488,10.83345862501615,18355,8080,0.07525379045168032
Fuerza Bruta SSH,451.18397839968424,0.0910146002142389,604,101.95892838315045,46076,22,0.07711867895346954
Fuerza Bruta FTP,339.97169679068173,0.18784229227759314,300,54.77456184340934,32688,21,0.03399811869854966
Benigno,183.1800960286369,0.18876675017802566,53575,20.122452473243815,2162,8080,0.18966527923639603
Benigno,198.47174558657258,0.34554717078466846,67772,28.348400080347027,26264,80,0.19784166913555196
Fuerza Bruta FTP,362.72473791843527,0.10386314756152983,4618,62.87941298018284,38827,21,0.04225694881042285
Benigno,57.36592253280807,0.16986293656490217,74364,18.0393834895729,1997,80,0.050769524834771984
Fuerza Bruta SSH,424.07144297073023,0.18819436931431904,122,76.68146524354745,42008,22,0.08551881605329009
Fuerza Bruta SSH,405.8747002638654,0.07969407167253985,662,112.9909217020174,59479,22,0.05170453646154731
Fuerza Bruta SSH,404.9391258847113,0.1117291411833998,1979,78.38260399184287,63870,22,0.08492012145593689
Benigno,88.98394405361901,0.4689101299732171,30647,15.77533100250076,19815,8080,0.050570883111478365
Benigno,87.34765357696324,0.2795719911708534,96017,38.63848430949629,17730,80,0.10566708438783254
Benigno,118.0048658089562,0.44358848890957714,35316,13.021259092291979,7815,80,0.16351462845038892
Benigno,128.6276177783775,0.3823162677451153,42770,12.798957748990567,17515,8080,0.14940423253547822
Benigno,152.00530342582653,0.48390418432811433,21563,18.615339320807472,15909,8080,0.0567923478732194
Benigno,93.8586192624723,0.2920817806624601,47039,15.78614510196056,25989,80,0.11288515832555548
Fuerza Bruta SSH,346.9737409573295,0.18564839075457684,4509,97.0095538479934,34237,22,0.0734967896707949
Benigno,130.26640417113106,0.4611139951775257,68556,38.64354053698439,8531,8080,0.19401955797142395
Benigno,51.01270519485481,0.378378554778385,30341,49.470312571859914,3684,443,0.05336493128806241
Benigno,73.7619150729288,0.10462010258161598,8760,38.06732675496479,27806,80,0.12839111203547113
Fuerza Bruta FTP,357.7468328402473,0.12879776418048844,2503,99.15644743071957,37152,21,0.018204859948274858
Benigno,112.38068117222079,0.25160874423501284,52872,14.310115491321174,18869,80,0.18671843369459146
Benigno,127.18210787600964,0.14441629526449307,20857,17.243083904217535,578,443,0.1152685191577431
Benigno,135.07179640971486,0.41498973228052505,67610,13.199059052134077,13195,8080,0.1342591831639468
Benigno,123.22110848040123,0.35962917992452703,49363,31.818271257456978,1085,80,0.08866374134659466
Benigno,158.01178721981307,0.489279036390997,58586,35.3952699669383,7167,8080,0.14819339086541128
Benigno,161.51020716816143,0.2084267047412831,44390,33.27226689569689,9320,8080,0.05492596750628168
Fuerza Bruta FTP,414.6304414409407,0.10663188417106086,3686,79.84778515885236,52809,21,0.03339420165364132
Benigno,153.45119290100502,0.36211261369408376,98659,34.76547212271019,12586,8080,0.07775792892418193
Benigno,180.99934353750942,0.43342788117718245,69053,18.797734012264318,11056,443,0.09735242237596534
Fuerza Bruta FTP,424.7118168835798,0.16221953843655285,3126,88.12810812135706,42287,21,0.08765930062267727
Fuerza Bruta FTP,420.101540808937,0.08881875555284635,2799,73.57911641528942,42244,21,0.032941094916487376
Benigno,115.03295481265243,0.19200051606665436,72340,37.301726218742694,21296,443,0.0583924224485473
Benigno,179.7558038027861,0.1784475235759743,64036,32.88441330969798,19843,8080,0.07673546630699489
Benigno,193.18194417439216,0.19493985859508972,83936,42.5893972792488,13533,8080,0.16838857686997774
Benigno,183.55200863027935,0.33934310737013146,64492,17.157915359065964,9507,443,0.05411032356479817
Fuerza Bruta FTP,412.1011626160051,0.17183454307455925,1574,84.8633183719597,30874,21,0.020564180638759085
Benigno,176.80825274159443,0.4943829224689271,66992,12.55994093393971,11054,8080,0.1017245093766172
Fuerza Bruta FTP,420.5596402282189,0.12567629680453518,981,102.96558428101778,32927,21,0.04273496088154976
Fuerza Bruta FTP,481.23924038510347,0.10315789985585205,4343,103.1065708882686,52287,21,0.014225034870971662
Benigno,99.27304359198985,0.48985664988549826,33675,47.885866858397804,7252,8080,0.10955857028221537
Benigno,122.62789182490671,0.20932866450402382,63738,22.993780938574538,26308,80,0.05989083814736079
Benigno,163.29522146500892,0.4056093714246136,48948,19.888963169358412,20045,80,0.10166927416027272
Benigno,97.95572640076793,0.38803115948049405,96267,39.51730305153575,27438,80,0.07121344511475894
Benigno,97.7637339450917,0.21909557656080328,71586,29.153971609267714,29112,80,0.09529555634083706
Benigno,179.3665169917512,0.4013083517185697,48804,24.6910083058936,28969,8080,0.1287515459864601
Benigno,86.0908791319059,0.1938789033835626,36590,30.223133203778474,7553,80,0.17399748380703783
Fuerza Bruta FTP,461.6138397056619,0.1143490975037388,3425,51.76464086053142,48450,21,0.06119748154347395
Benigno,166.25625540808073,0.1801737601028311,99767,14.522408616570356,8169,8080,0.1651457761656705
Fuerza Bruta FTP,304.2821199796371,0.14271046678977706,3867,118.54457220824487,35702,21,0.06376858773441584
Fuerza Bruta FTP,410.3864770853253,0.1416186785294252,4382,82.82127817208357,46421,21,0.024937458219039737
Benigno,189.17763321975343,0.41874767593088214,44235,44.549579850434,11953,80,0.06058402027788857
Benigno,199.73354461249536,0.45270130376628637,82998,36.80260664622235,14733,80,0.14021948045731508
Fuerza Bruta SSH,362.39756078886035,0.08626768486645965,3521,60.27212043026525,59112,22,0.05069082396506965
Benigno,149.67107706690103,0.20513905503852864,58168,34.34783492510435,13812,80,0.07347425363286945
Benigno,169.64477815136217,0.21337567926341633,17942,34.18362079145351,29006,8080,0.08153956599551354
Benigno,70.63939543491539,0.36044410803203675,77015,46.59588577655197,28302,8080,0.1514108391035194
Benigno,171.97589034521886,0.4223234928856724,99141,18.247079775048366,27385,443,0.05069590506377257
Benigno,167.57723275952662,0.3576241879411466,20480,37.274979995535936,18563,8080,0.16473491293332582
Fuerza Bruta FTP,487.7864120710344,0.15165633621996782,2850,63.53188265895109,64159,21,0.09494835551267546
Fuerza Bruta FTP,346.01195455569757,0.05731842230134909,1313,90.27192589878581,44895,21,0.07927568041641628
Fuerza Bruta FTP,350.56477550418754,0.10156068034953224,2753,95.7384786980584,48605,21,0.08323791969802184
Benigno,57.489171999205794,0.2838937276485859,91867,27.51262238051456,7044,80,0.0898007823176774
Benigno,90.58202993720407,0.31780037863403565,28835,28.263534789711734,24269,8080,0.19647549243725038
Benigno,79.82450990394753,0.4901014648878984,42250,13.240255259705274,24006,80,0.0683106937213886
Fuerza Bruta FTP,372.2846394627966,0.11101937632563691,4149,61.23382641668506,40663,21,0.07344375798020586
Benigno,177.17191295865683,0.1730394835700965,30642,36.54119446415716,14457,443,0.12241587887278028
Benigno,169.4787254522253,0.18949544704914123,99310,40.362385197565345,15416,443,0.13772341290301576
Benigno,153.7849046253987,0.3981395564395601,31633,32.712289099158866,12427,443,0.07152686986168388
Benigno,65.27941108814147,0.4406013549595855,75331,21.181458122622793,11072,8080,0.15047940630239717
Fuerza Bruta SSH,341.5082901410916,0.19726687712411012,4709,94.26789249929246,58073,22,0.08163091384656057
Fuerza Bruta FTP,319.7805265852023,0.16817268232244242,3471,94.76265659622533,54821,21,0.05215522002898809
Benigno,181.36829915978532,0.16340776747882602,96831,48.02450870413479,18268,80,0.12786464104999917
Benigno,57.75536593963487,0.18346490628740444,13361,35.952773724821675,10566,8080,0.17464214420384194
Benigno,146.1607325615652,0.124325644229579,37444,35.818919577373,27581,443,0.1702389000096889
Benigno,156.12303405909196,0.46378573498858855,99377,45.4290538119151,2773,80,0.0539774072325439
Benigno,147.93108998616123,0.3398680713273073,17400,43.72541216919916,11346,80,0.07325193569851371
Benigno,96.91784414663536,0.4234580416223702,64352,15.077413863119542,5621,8080,0.15376833099624354
Benigno,108.7257866841679,0.4962586777824751,93406,25.637833304220983,20811,80,0.1935702537267886
Benigno,142.66124466930634,0.2968285056016816,38096,43.18565524100311,16292,80,0.17176797034313687
Benigno,172.24248173657645,0.3389547234269712,19274,41.94771169417511,3623,443,0.1826634801335364
Benigno,144.17690102134338,0.30407390909431775,85164,12.38800073668382,5855,80,0.17799563851065398
Benigno,74.6436458783965,0.3225723437700181,54961,46.76997146728569,18759,80,0.09228370117960738
Benigno,158.62785756122412,0.23704183498825399,91494,20.188629542825545,4345,80,0.15562786161170328
Benigno,183.2871011779653,0.19696089273739142,39762,38.74192717036618,17897,80,0.0730695028925855
Benigno,116.80731632462383,0.3139420986997412,50505,17.86784002522512,11689,80,0.056758564733584774
Fuerza Bruta SSH,410.8734775521021,0.19843393498494666,762,56.459532925841955,48702,22,0.020513439824059652
Benigno,114.3799731263521,0.3077515264711628,86186,33.12340889241229,20260,443,0.13381801008251495
Fuerza Bruta FTP,384.4920842121687,0.13742144812574392,2544,56.68354176346948,46127,21,0.02671489683069392
Benigno,112.3084086560464,0.49671332023239934,62682,18.72516413312148,22309,8080,0.13693331305919937
Fuerza Bruta FTP,410.4892640978993,0.19403842272894473,4917,52.26031927535447,53876,21,0.0775741962861297
Benigno,87.65787210213989,0.471694217672847,58140,49.73667604254142,10105,8080,0.11513290127172646
Benigno,105.91993181078848,0.18923050042902873,65825,18.837709788053512,4734,80,0.17983098984697848
Benigno,153.36927608688472,0.19611254541898018,26744,14.119856841906607,16428,80,0.19730356795198284
Benigno,164.7155781489892,0.13373437551936612,34618,35.42415723482266,9390,80,0.12544526694928992
Benigno,189.72442642966033,0.25964829129872824,72282,45.163335766175955,25330,443,0.12479943306134712
Benigno,146.7641283406909,0.4025858277885198,62054,39.04831717194462,21616,443,0.08667344006933872
Benigno,104.72961083981343,0.22145658259617487,9871,30.749695139951847,15583,8080,0.08333088506961422
Benigno,167.24056462174624,0.3859976744062129,83554,33.90841274548592,25070,80,0.10372728614408434
Benigno,145.4077995417049,0.3495474443884641,53327,49.62688153017484,16674,8080,0.12061863049983594
Fuerza Bruta FTP,487.19859317507564,0.08907026091048972,3136,108.56635357780321,41823,21,0.01092420866808391
Benigno,103.87880083842816,0.100698307121906,28675,23.018389280510934,3339,8080,0.0687202687626306
Benigno,116.1440725877237,0.24866692084124012,13762,35.03231874637732,24195,80,0.18716401918932302
Fuerza Bruta FTP,459.48620498313744,0.12078497761194677,1937,104.20279693200305,30919,21,0.025490901636708245
Benigno,64.36451784177896,0.47275801107145665,81441,42.86257127545517,22436,443,0.18745282312923411
Benigno,88.20953750587995,0.3971780492315927,93108,33.923585612012516,14087,80,0.0907541154859289
Benigno,55.74581164636838,0.4244964594363648,10384,42.35321905049662,27714,80,0.15220881176459544
Benigno,78.89603751327341,0.36777842286869966,21787,48.65488166981724,2917,8080,0.12003793795285135
Fuerza Bruta FTP,303.2713498616814,0.18425326034569522,1129,107.04100240647031,58727,21,0.06071430535844654
Benigno,117.09551272531151,0.48613261500198657,6245,11.124874579445528,21211,80,0.1562712587654459
Benigno,132.11206450526169,0.46993779701121685,22995,13.434564277407288,17701,80,0.18549193526007274
Benigno,164.80865401858296,0.37532410903615854,79426,23.94725764506139,28838,80,0.17369521976173957
Benigno,193.0327326187274,0.39723925173947283,71786,30.966450948561818,10540,443,0.07374361684926671
Benigno,95.08950265837275,0.11337228571781846,47921,16.058436478301694,6716,443,0.1122972088460972
Benigno,165.8538490621901,0.2961877538697203,94257,16.929111506104476,3331,80,0.1645411555902358
Benigno,113.22559607740678,0.11375786570923291,52491,41.957584785893474,5281,80,0.1540382727466889
Benigno,113.23182015161268,0.2456029155734258,81863,44.060592647584876,24537,443,0.06025655776247707
Benigno,75.21858523888625,0.490012833034002,22580,23.530941356590596,12005,80,0.12544440465131582
Fuerza Bruta FTP,383.2926910541937,0.12477007579506054,3539,94.99874399566906,37766,21,0.08625784757114499
Benigno,155.93411213432609,0.1948713588300556,93692,23.479192688438133,19297,80,0.05242622564071059
Benigno,96.67637030702707,0.15308724083912073,90376,26.80713710586225,5875,8080,0.13210930744589472
Fuerza Bruta SSH,347.7126498768026,0.06380151319522209,3288,53.18840198119687,51601,22,0.0547989097120579
Benigno,100.35818260515578,0.3225474812038226,31781,38.48585689425194,20425,8080,0.14186499431188393
Benigno,83.12238527692497,0.27771739100875903,98110,20.258263354817924,26587,80,0.15103993249062198
Fuerza Bruta FTP,326.5660356859146,0.0981947007578024,4460,84.37735620813939,41437,21,0.016129059028033257
Benigno,119.18766167246743,0.1064455869874204,19289,24.36259509560129,28661,443,0.19265343558057424
Benigno,157.9069736619329,0.39853211614334993,8993,19.677977786525243,29000,443,0.1861650419660545
Benigno,163.14047041406286,0.19422230010053518,51926,20.244173459230076,8111,8080,0.15273835968790284
Benigno,112.14398347061487,0.42608471202582143,77639,39.376563204729564,18934,443,0.16509070681693688
Fuerza Bruta FTP,341.01732405938833,0.11894610308196851,4694,117.86977309337841,63798,21,0.03883074442864952
Benigno,131.07885298429315,0.4789963207112864,78165,36.580649505155804,28331,8080,0.18514401880038117
Fuerza Bruta SSH,332.10911371159307,0.05009715055643789,3311,102.0430078714561,61757,22,0.08621042401767719
Benigno,132.04881070607746,0.3876114335456933,40941,35.678665243429286,17203,80,0.08524619128575422
Benigno,59.144146040858075,0.48745912149864157,62774,18.85543531385317,27622,8080,0.19014280476447842
Benigno,108.5240403285082,0.3001930387142445,97362,46.44470442280574,2002,443,0.09458642663603123
Benigno,124.74533976006275,0.24362034867335877,50386,40.9950708157096,8606,443,0.07306969546673694
Benigno,131.52964751766874,0.14010309864785322,86255,16.773038742134737,10470,443,0.08557390043237101
Benigno,108.73508938106457,0.11088513079023184,73523,27.44823481135637,23697,80,0.12606594717566028
Benigno,171.29106790601247,0.25299472333381773,39789,43.777502639131036,1278,8080,0.19709715767586095
Fuerza Bruta SSH,417.7441816201147,0.10620162813362319,1487,50.8637015779553,60650,22,0.06567577892002335
Benigno,79.27891967455784,0.2506029949876325,91648,49.80851285510797,18984,80,0.15913044486623645
Benigno,62.03951334067728,0.34784339185420954,24634,31.538462008633765,3727,80,0.12306083714248053
Fuerza Bruta SSH,483.0544761884561,0.1373494673035362,827,118.83248997419396,39958,22,0.05399403423695111
Fuerza Bruta FTP,351.81925598057387,0.07172406019824751,4648,114.18985144594431,56952,21,0.05315637140452708
